t_iso,frame_i,raw_video_frame_index,fsm_state,align_sub,camera_frame_number,camera_frame_delta,camera_sensor_timestamp_ms,camera_sensor_interval_ms,camera_timestamp_domain,camera_input_host_mono_ms,camera_input_interval_ms,inference_ran,inference_start_host_mono_ms,inference_end_host_mono_ms,model_inference_ms,input_to_inference_end_ms,pose_result_host_mono_ms,input_to_pose_result_ms,model_det_ok,pnp_ok,pose_src,pose_n_used,pose_rms_px,yaw_deg,pos_x_m,pos_z_m,center_bearing_deg
2026-09-06T15:13:47.747,1,,PRECHECK,PRECHECK,1,,1788675226421.489,,timestamp_domain.system_time,177450890.000,,1,177450906.000,177452109.000,1203.000,1219.000,177452109.000,1219.000,0,0,,,,,,,
2026-09-06T15:13:47.879,2,,SEARCH_SWEEP,SEARCH_SWEEP,43,42,1788675227821.365,1399.876,timestamp_domain.system_time,177452218.000,1328.000,1,177452218.000,177452250.000,32.000,32.000,177452250.000,32.000,0,0,,,,,,,
2026-09-06T15:13:47.948,3,,SEARCH_SWEEP,SEARCH_SWEEP,45,2,1788675227888.102,66.736,timestamp_domain.system_time,177452265.000,47.000,1,177452265.000,177452296.000,31.000,31.000,177452312.000,47.000,1,1,pnp_visible_ransac,6,4.157,-4.9309,-0.013856,1.142047,-0.6951
2026-09-06T15:13:48.014,4,,ACQUIRE_VERIFY,ACQUIRE_VERIFY,47,2,1788675227954.977,66.875,timestamp_domain.system_time,177452359.000,94.000,1,177452359.000,177452375.000,16.000,16.000,177452375.000,16.000,0,0,,,,,,,
2026-09-06T15:13:48.070,5,,ACQUIRE_VERIFY,ACQUIRE_VERIFY,49,2,1788675228021.824,66.847,timestamp_domain.system_time,177452406.000,47.000,1,177452406.000,177452437.000,31.000,31.000,177452437.000,31.000,0,0,,,,,,,
2026-09-06T15:13:48.131,6,,ACQUIRE_VERIFY,ACQUIRE_VERIFY,51,2,1788675228088.534,66.710,timestamp_domain.system_time,177452468.000,62.000,1,177452468.000,177452500.000,32.000,32.000,177452500.000,32.000,0,0,,,,,,,
2026-09-06T15:13:48.187,7,,ACQUIRE_VERIFY,ACQUIRE_VERIFY,52,1,1788675228121.549,33.015,timestamp_domain.system_time,177452531.000,63.000,1,177452531.000,177452562.000,31.000,31.000,177452562.000,31.000,0,0,,,,,,,
2026-09-06T15:13:48.236,8,,ACQUIRE_VERIFY,ACQUIRE_VERIFY,54,2,1788675228188.324,66.775,timestamp_domain.system_time,177452578.000,47.000,1,177452578.000,177452609.000,31.000,31.000,177452609.000,31.000,0,0,,,,,,,
2026-09-06T15:13:48.303,9,,ACQUIRE_VERIFY,ACQUIRE_VERIFY,56,2,1788675228255.328,67.003,timestamp_domain.system_time,177452640.000,62.000,1,177452640.000,177452671.000,31.000,31.000,177452671.000,31.000,0,0,,,,,,,
2026-09-06T15:13:48.359,10,,ACQUIRE_VERIFY,ACQUIRE_VERIFY,58,2,1788675228321.743,66.416,timestamp_domain.system_time,177452687.000,47.000,1,177452687.000,177452734.000,47.000,47.000,177452734.000,47.000,0,0,,,,,,,
2026-09-06T15:13:48.406,11,,ACQUIRE_VERIFY,ACQUIRE_VERIFY,59,1,1788675228355.033,33.289,timestamp_domain.system_time,177452750.000,63.000,1,177452750.000,177452781.000,31.000,31.000,177452781.000,31.000,0,0,,,,,,,
2026-09-06T15:13:48.471,12,,ACQUIRE_VERIFY,ACQUIRE_VERIFY,61,2,1788675228421.805,66.772,timestamp_domain.system_time,177452812.000,62.000,1,177452812.000,177452843.000,31.000,31.000,177452843.000,31.000,0,0,,,,,,,
2026-09-06T15:13:48.527,13,,ACQUIRE_VERIFY,ACQUIRE_VERIFY,63,2,1788675228489.119,67.314,timestamp_domain.system_time,177452859.000,47.000,1,177452859.000,177452890.000,31.000,31.000,177452890.000,31.000,0,0,,,,,,,
2026-09-06T15:13:48.571,14,,ACQUIRE_VERIFY,ACQUIRE_VERIFY,64,1,1788675228522.257,33.138,timestamp_domain.system_time,177452921.000,62.000,1,177452921.000,177452937.000,16.000,16.000,177452937.000,16.000,0,0,,,,,,,
2026-09-06T15:13:48.638,15,,ACQUIRE_VERIFY,ACQUIRE_VERIFY,66,2,1788675228588.857,66.600,timestamp_domain.system_time,177452968.000,47.000,1,177452968.000,177453000.000,32.000,32.000,177453000.000,32.000,0,0,,,,,,,
2026-09-06T15:13:48.695,16,,ACQUIRE_VERIFY,ACQUIRE_VERIFY,68,2,1788675228655.477,66.620,timestamp_domain.system_time,177453031.000,63.000,1,177453031.000,177453062.000,31.000,31.000,177453062.000,31.000,0,0,,,,,,,
2026-09-06T15:13:48.750,17,,ACQUIRE_VERIFY,ACQUIRE_VERIFY,69,1,1788675228688.922,33.445,timestamp_domain.system_time,177453078.000,47.000,1,177453078.000,177453125.000,47.000,47.000,177453125.000,47.000,0,0,,,,,,,
2026-09-06T15:13:48.806,18,,ACQUIRE_VERIFY,ACQUIRE_VERIFY,71,2,1788675228755.756,66.834,timestamp_domain.system_time,177453140.000,62.000,1,177453140.000,177453171.000,31.000,31.000,177453171.000,31.000,0,0,,,,,,,
2026-09-06T15:13:48.862,19,,ACQUIRE_VERIFY,ACQUIRE_VERIFY,73,2,1788675228822.388,66.632,timestamp_domain.system_time,177453203.000,63.000,1,177453203.000,177453234.000,31.000,31.000,177453234.000,31.000,0,0,,,,,,,
2026-09-06T15:13:48.940,20,,ACQUIRE_VERIFY,ACQUIRE_VERIFY,75,2,1788675228888.923,66.534,timestamp_domain.system_time,177453281.000,78.000,1,177453281.000,177453312.000,31.000,31.000,177453312.000,31.000,0,0,,,,,,,
2026-09-06T15:13:48.993,21,,ACQUIRE_VERIFY,ACQUIRE_VERIFY,77,2,1788675228955.979,67.057,timestamp_domain.system_time,177453343.000,62.000,1,177453343.000,177453359.000,16.000,16.000,177453359.000,16.000,0,0,,,,,,,
2026-09-06T15:13:49.053,22,,ACQUIRE_VERIFY,ACQUIRE_VERIFY,79,2,1788675229022.697,66.717,timestamp_domain.system_time,177453390.000,47.000,1,177453390.000,177453421.000,31.000,31.000,177453421.000,31.000,0,0,,,,,,,
2026-09-06T15:13:49.107,23,,ACQUIRE_VERIFY,ACQUIRE_VERIFY,80,1,1788675229055.904,33.208,timestamp_domain.system_time,177453453.000,63.000,1,177453453.000,177453468.000,15.000,15.000,177453468.000,15.000,0,0,,,,,,,
2026-09-06T15:13:49.174,24,,ACQUIRE_VERIFY,ACQUIRE_VERIFY,82,2,1788675229122.618,66.714,timestamp_domain.system_time,177453515.000,62.000,1,177453515.000,177453546.000,31.000,31.000,177453546.000,31.000,0,0,,,,,,,
2026-09-06T15:13:49.242,25,,ACQUIRE_VERIFY,ACQUIRE_VERIFY,84,2,1788675229189.490,66.873,timestamp_domain.system_time,177453578.000,63.000,1,177453578.000,177453609.000,31.000,31.000,177453609.000,31.000,0,0,,,,,,,
2026-09-06T15:13:49.294,26,,ACQUIRE_VERIFY,ACQUIRE_VERIFY,86,2,1788675229255.910,66.420,timestamp_domain.system_time,177453625.000,47.000,1,177453625.000,177453656.000,31.000,31.000,177453656.000,31.000,0,0,,,,,,,
2026-09-06T15:13:49.354,27,,ACQUIRE_VERIFY,ACQUIRE_VERIFY,88,2,1788675229322.361,66.451,timestamp_domain.system_time,177453703.000,78.000,1,177453703.000,177453718.000,15.000,15.000,177453718.000,15.000,0,0,,,,,,,
2026-09-06T15:13:49.421,28,,ACQUIRE_VERIFY,ACQUIRE_VERIFY,90,2,1788675229389.402,67.041,timestamp_domain.system_time,177453750.000,47.000,1,177453765.000,177453796.000,31.000,46.000,177453796.000,46.000,0,0,,,,,,,
2026-09-06T15:13:49.488,29,,ACQUIRE_VERIFY,ACQUIRE_VERIFY,91,1,1788675229422.740,33.338,timestamp_domain.system_time,177453828.000,78.000,1,177453828.000,177453843.000,15.000,15.000,177453843.000,15.000,0,0,,,,,,,
2026-09-06T15:13:49.561,30,,ACQUIRE_VERIFY,ACQUIRE_VERIFY,94,3,1788675229522.833,100.092,timestamp_domain.system_time,177453906.000,78.000,1,177453906.000,177453921.000,15.000,15.000,177453921.000,15.000,0,0,,,,,,,
2026-09-06T15:13:49.625,31,,ACQUIRE_VERIFY,ACQUIRE_VERIFY,96,2,1788675229589.216,66.383,timestamp_domain.system_time,177453968.000,62.000,1,177453968.000,177454000.000,32.000,32.000,177454000.000,32.000,0,0,,,,,,,
2026-09-06T15:13:49.682,32,,ACQUIRE_VERIFY,ACQUIRE_VERIFY,97,1,1788675229622.967,33.752,timestamp_domain.system_time,177454015.000,47.000,1,177454015.000,177454046.000,31.000,31.000,177454046.000,31.000,0,0,,,,,,,
2026-09-06T15:13:49.741,33,,ACQUIRE_VERIFY,ACQUIRE_VERIFY,99,2,1788675229689.467,66.500,timestamp_domain.system_time,177454062.000,47.000,1,177454062.000,177454109.000,47.000,47.000,177454109.000,47.000,0,0,,,,,,,
2026-09-06T15:13:49.796,34,,ACQUIRE_VERIFY,ACQUIRE_VERIFY,101,2,1788675229756.464,66.997,timestamp_domain.system_time,177454125.000,63.000,1,177454125.000,177454171.000,46.000,46.000,177454171.000,46.000,0,0,,,,,,,
2026-09-06T15:13:49.845,35,,ACQUIRE_VERIFY,ACQUIRE_VERIFY,102,1,1788675229789.610,33.146,timestamp_domain.system_time,177454187.000,62.000,1,177454187.000,177454218.000,31.000,31.000,177454218.000,31.000,0,0,,,,,,,
2026-09-06T15:13:49.965,36,0,ACQUIRE_VERIFY,ACQUIRE_VERIFY,104,2,1788675229856.358,66.748,timestamp_domain.system_time,177454250.000,63.000,1,177454296.000,177454328.000,32.000,78.000,177454328.000,78.000,0,0,,,,,,,
2026-09-06T15:13:50.041,37,1,ACQUIRE_VERIFY,ACQUIRE_VERIFY,108,4,1788675229990.214,133.857,timestamp_domain.system_time,177454359.000,109.000,1,177454359.000,177454406.000,47.000,47.000,177454406.000,47.000,0,0,,,,,,,
2026-09-06T15:13:50.106,38,2,ACQUIRE_VERIFY,ACQUIRE_VERIFY,110,2,1788675230056.427,66.212,timestamp_domain.system_time,177454421.000,62.000,1,177454421.000,177454468.000,47.000,47.000,177454468.000,47.000,0,0,,,,,,,
2026-09-06T15:13:50.169,39,3,ACQUIRE_VERIFY,ACQUIRE_VERIFY,112,2,1788675230123.358,66.932,timestamp_domain.system_time,177454500.000,79.000,1,177454500.000,177454531.000,31.000,31.000,177454531.000,31.000,0,0,,,,,,,
2026-09-06T15:13:50.236,40,4,ACQUIRE_VERIFY,ACQUIRE_VERIFY,114,2,1788675230190.153,66.795,timestamp_domain.system_time,177454578.000,78.000,1,177454578.000,177454609.000,31.000,31.000,177454609.000,31.000,0,0,,,,,,,
2026-09-06T15:13:50.300,41,5,ACQUIRE_VERIFY,ACQUIRE_VERIFY,116,2,1788675230256.865,66.711,timestamp_domain.system_time,177454625.000,47.000,1,177454625.000,177454671.000,46.000,46.000,177454671.000,46.000,0,0,,,,,,,
2026-09-06T15:13:50.363,42,6,ACQUIRE_VERIFY,ACQUIRE_VERIFY,118,2,1788675230323.602,66.738,timestamp_domain.system_time,177454703.000,78.000,1,177454703.000,177454734.000,31.000,31.000,177454734.000,31.000,0,0,,,,,,,
2026-09-06T15:13:50.426,43,7,ACQUIRE_VERIFY,ACQUIRE_VERIFY,120,2,1788675230390.277,66.675,timestamp_domain.system_time,177454765.000,62.000,1,177454765.000,177454796.000,31.000,31.000,177454796.000,31.000,0,0,,,,,,,
2026-09-06T15:13:50.490,44,8,ACQUIRE_VERIFY,ACQUIRE_VERIFY,121,1,1788675230423.558,33.281,timestamp_domain.system_time,177454828.000,63.000,1,177454828.000,177454859.000,31.000,31.000,177454859.000,31.000,0,0,,,,,,,
2026-09-06T15:13:50.564,45,9,ACQUIRE_VERIFY,ACQUIRE_VERIFY,123,2,1788675230490.115,66.557,timestamp_domain.system_time,177454890.000,62.000,1,177454890.000,177454937.000,47.000,47.000,177454937.000,47.000,0,0,,,,,,,
2026-09-06T15:13:50.633,46,10,ACQUIRE_VERIFY,ACQUIRE_VERIFY,126,3,1788675230590.527,100.412,timestamp_domain.system_time,177454968.000,78.000,1,177454968.000,177455000.000,32.000,32.000,177455000.000,32.000,0,0,,,,,,,
2026-09-06T15:13:50.700,47,11,ACQUIRE_VERIFY,ACQUIRE_VERIFY,128,2,1788675230656.991,66.464,timestamp_domain.system_time,177455031.000,63.000,1,177455031.000,177455062.000,31.000,31.000,177455062.000,31.000,0,0,,,,,,,
2026-09-06T15:13:50.762,48,12,ACQUIRE_VERIFY,ACQUIRE_VERIFY,130,2,1788675230723.756,66.765,timestamp_domain.system_time,177455109.000,78.000,1,177455109.000,177455125.000,16.000,16.000,177455125.000,16.000,0,0,,,,,,,
2026-09-06T15:13:50.858,49,13,ACQUIRE_VERIFY,ACQUIRE_VERIFY,132,2,1788675230790.350,66.594,timestamp_domain.system_time,177455187.000,78.000,1,177455187.000,177455218.000,31.000,31.000,177455218.000,31.000,0,0,,,,,,,
2026-09-06T15:13:50.925,50,14,ACQUIRE_VERIFY,ACQUIRE_VERIFY,134,2,1788675230856.885,66.535,timestamp_domain.system_time,177455250.000,63.000,1,177455250.000,177455296.000,46.000,46.000,177455296.000,46.000,0,0,,,,,,,
2026-09-06T15:13:50.992,51,15,ACQUIRE_VERIFY,ACQUIRE_VERIFY,136,2,1788675230923.774,66.888,timestamp_domain.system_time,177455328.000,78.000,1,177455328.000,177455359.000,31.000,31.000,177455359.000,31.000,0,0,,,,,,,
2026-09-06T15:13:51.056,52,16,ACQUIRE_VERIFY,ACQUIRE_VERIFY,138,2,1788675230990.448,66.675,timestamp_domain.system_time,177455390.000,62.000,1,177455390.000,177455421.000,31.000,31.000,177455421.000,31.000,0,0,,,,,,,
2026-09-06T15:13:51.121,53,17,ACQUIRE_VERIFY,ACQUIRE_VERIFY,140,2,1788675231057.035,66.587,timestamp_domain.system_time,177455453.000,63.000,1,177455453.000,177455484.000,31.000,31.000,177455484.000,31.000,0,0,,,,,,,
2026-09-06T15:13:51.192,54,18,ACQUIRE_VERIFY,ACQUIRE_VERIFY,142,2,1788675231123.964,66.928,timestamp_domain.system_time,177455515.000,62.000,1,177455531.000,177455562.000,31.000,47.000,177455562.000,47.000,0,0,,,,,,,
2026-09-06T15:13:51.276,55,19,ACQUIRE_VERIFY,ACQUIRE_VERIFY,144,2,1788675231190.500,66.536,timestamp_domain.system_time,177455593.000,78.000,1,177455593.000,177455640.000,47.000,47.000,177455640.000,47.000,0,0,,,,,,,
2026-09-06T15:13:51.344,56,20,ACQUIRE_VERIFY,ACQUIRE_VERIFY,147,3,1788675231290.704,100.204,timestamp_domain.system_time,177455671.000,78.000,1,177455671.000,177455718.000,47.000,47.000,177455718.000,47.000,0,0,,,,,,,
2026-09-06T15:13:51.417,57,21,ACQUIRE_VERIFY,ACQUIRE_VERIFY,149,2,1788675231357.195,66.491,timestamp_domain.system_time,177455750.000,79.000,1,177455750.000,177455781.000,31.000,31.000,177455781.000,31.000,0,0,,,,,,,
2026-09-06T15:13:51.482,58,22,ACQUIRE_VERIFY,ACQUIRE_VERIFY,151,2,1788675231424.066,66.872,timestamp_domain.system_time,177455812.000,62.000,1,177455812.000,177455843.000,31.000,31.000,177455843.000,31.000,0,0,,,,,,,
2026-09-06T15:13:51.560,59,23,ACQUIRE_VERIFY,ACQUIRE_VERIFY,154,3,1788675231524.253,100.187,timestamp_domain.system_time,177455890.000,78.000,1,177455890.000,177455921.000,31.000,31.000,177455921.000,31.000,0,0,,,,,,,
2026-09-06T15:13:51.634,60,24,ACQUIRE_VERIFY,ACQUIRE_VERIFY,156,2,1788675231590.941,66.688,timestamp_domain.system_time,177455968.000,78.000,1,177455968.000,177456000.000,32.000,32.000,177456000.000,32.000,0,0,,,,,,,
2026-09-06T15:13:51.695,61,25,ACQUIRE_VERIFY,ACQUIRE_VERIFY,158,2,1788675231657.876,66.936,timestamp_domain.system_time,177456046.000,78.000,1,177456046.000,177456062.000,16.000,16.000,177456062.000,16.000,0,0,,,,,,,
2026-09-06T15:13:51.760,62,26,ACQUIRE_VERIFY,ACQUIRE_VERIFY,160,2,1788675231724.504,66.627,timestamp_domain.system_time,177456093.000,47.000,1,177456093.000,177456125.000,32.000,32.000,177456125.000,32.000,0,0,,,,,,,
2026-09-06T15:13:51.828,63,27,ACQUIRE_VERIFY,ACQUIRE_VERIFY,162,2,1788675231791.358,66.854,timestamp_domain.system_time,177456171.000,78.000,1,177456171.000,177456203.000,32.000,32.000,177456203.000,32.000,0,0,,,,,,,
2026-09-06T15:13:51.895,64,28,ACQUIRE_VERIFY,ACQUIRE_VERIFY,164,2,1788675231857.984,66.626,timestamp_domain.system_time,177456234.000,63.000,1,177456234.000,177456265.000,31.000,31.000,177456265.000,31.000,0,0,,,,,,,
2026-09-06T15:13:51.969,65,29,ACQUIRE_VERIFY,ACQUIRE_VERIFY,166,2,1788675231925.036,67.052,timestamp_domain.system_time,177456312.000,78.000,1,177456312.000,177456343.000,31.000,31.000,177456343.000,31.000,0,0,,,,,,,
2026-09-06T15:13:52.043,66,30,SEARCH_SWEEP,SEARCH_SWEEP,168,2,1788675231991.395,66.359,timestamp_domain.system_time,177456375.000,63.000,1,177456375.000,177456406.000,31.000,31.000,177456406.000,31.000,0,0,,,,,,,
2026-09-06T15:13:52.112,67,31,SEARCH_SWEEP,SEARCH_SWEEP,170,2,1788675232058.211,66.816,timestamp_domain.system_time,177456453.000,78.000,1,177456453.000,177456484.000,31.000,31.000,177456484.000,31.000,0,0,,,,,,,
2026-09-06T15:13:52.178,68,32,SEARCH_SWEEP,SEARCH_SWEEP,172,2,1788675232124.474,66.264,timestamp_domain.system_time,177456515.000,62.000,1,177456515.000,177456546.000,31.000,31.000,177456546.000,31.000,0,0,,,,,,,
2026-09-06T15:13:52.246,69,33,SEARCH_SWEEP,SEARCH_SWEEP,174,2,1788675232191.360,66.886,timestamp_domain.system_time,177456578.000,63.000,1,177456578.000,177456609.000,31.000,31.000,177456609.000,31.000,0,0,,,,,,,
2026-09-06T15:13:52.310,70,34,SEARCH_SWEEP,SEARCH_SWEEP,176,2,1788675232258.379,67.019,timestamp_domain.system_time,177456640.000,62.000,1,177456640.000,177456671.000,31.000,31.000,177456671.000,31.000,0,0,,,,,,,
2026-09-06T15:13:52.366,71,35,SEARCH_SWEEP,SEARCH_SWEEP,178,2,1788675232324.906,66.528,timestamp_domain.system_time,177456718.000,78.000,1,177456718.000,177456734.000,16.000,16.000,177456734.000,16.000,0,0,,,,,,,
2026-09-06T15:13:52.443,72,36,SEARCH_SWEEP,SEARCH_SWEEP,180,2,1788675232391.809,66.903,timestamp_domain.system_time,177456765.000,47.000,1,177456765.000,177456812.000,47.000,47.000,177456812.000,47.000,0,0,,,,,,,
2026-09-06T15:13:52.512,73,37,SEARCH_SWEEP,SEARCH_SWEEP,182,2,1788675232458.639,66.830,timestamp_domain.system_time,177456828.000,63.000,1,177456843.000,177456875.000,32.000,47.000,177456875.000,47.000,0,0,,,,,,,
2026-09-06T15:13:52.578,74,38,SEARCH_SWEEP,SEARCH_SWEEP,184,2,1788675232525.132,66.493,timestamp_domain.system_time,177456906.000,78.000,1,177456906.000,177456953.000,47.000,47.000,177456953.000,47.000,0,0,,,,,,,
2026-09-06T15:13:52.644,75,39,SEARCH_SWEEP,SEARCH_SWEEP,186,2,1788675232591.848,66.716,timestamp_domain.system_time,177456984.000,78.000,1,177456984.000,177457015.000,31.000,31.000,177457015.000,31.000,0,0,,,,,,,
2026-09-06T15:13:52.711,76,40,SEARCH_SWEEP,SEARCH_SWEEP,188,2,1788675232658.712,66.864,timestamp_domain.system_time,177457031.000,47.000,1,177457031.000,177457078.000,47.000,47.000,177457078.000,47.000,0,0,,,,,,,
2026-09-06T15:13:52.773,77,41,SEARCH_SWEEP,SEARCH_SWEEP,190,2,1788675232724.819,66.107,timestamp_domain.system_time,177457093.000,62.000,1,177457093.000,177457140.000,47.000,47.000,177457140.000,47.000,0,0,,,,,,,
2026-09-06T15:13:52.833,78,42,SEARCH_SWEEP,SEARCH_SWEEP,192,2,1788675232791.672,66.854,timestamp_domain.system_time,177457171.000,78.000,1,177457171.000,177457203.000,32.000,32.000,177457203.000,32.000,0,0,,,,,,,
2026-09-06T15:13:52.900,79,43,SEARCH_SWEEP,SEARCH_SWEEP,194,2,1788675232858.751,67.078,timestamp_domain.system_time,177457234.000,63.000,1,177457234.000,177457265.000,31.000,31.000,177457265.000,31.000,0,0,,,,,,,
2026-09-06T15:13:52.967,80,44,SEARCH_SWEEP,SEARCH_SWEEP,196,2,1788675232925.410,66.659,timestamp_domain.system_time,177457296.000,62.000,1,177457296.000,177457328.000,32.000,32.000,177457328.000,32.000,0,0,,,,,,,
2026-09-06T15:13:53.036,81,45,SEARCH_SWEEP,SEARCH_SWEEP,198,2,1788675232991.981,66.571,timestamp_domain.system_time,177457375.000,79.000,1,177457375.000,177457406.000,31.000,31.000,177457406.000,31.000,0,0,,,,,,,
2026-09-06T15:13:53.116,82,46,SEARCH_SWEEP,SEARCH_SWEEP,200,2,1788675233058.881,66.901,timestamp_domain.system_time,177457453.000,78.000,1,177457453.000,177457484.000,31.000,31.000,177457484.000,31.000,0,0,,,,,,,
2026-09-06T15:13:53.180,83,47,SEARCH_SWEEP,SEARCH_SWEEP,202,2,1788675233125.284,66.403,timestamp_domain.system_time,177457515.000,62.000,1,177457515.000,177457546.000,31.000,31.000,177457546.000,31.000,0,0,,,,,,,
2026-09-06T15:13:53.248,84,48,SEARCH_SWEEP,SEARCH_SWEEP,204,2,1788675233192.018,66.734,timestamp_domain.system_time,177457578.000,63.000,1,177457578.000,177457609.000,31.000,31.000,177457609.000,31.000,0,0,,,,,,,
2026-09-06T15:13:53.309,85,49,SEARCH_SWEEP,SEARCH_SWEEP,206,2,1788675233258.956,66.938,timestamp_domain.system_time,177457640.000,62.000,1,177457640.000,177457671.000,31.000,31.000,177457671.000,31.000,0,0,,,,,,,
2026-09-06T15:13:53.380,86,50,SEARCH_SWEEP,SEARCH_SWEEP,208,2,1788675233325.586,66.630,timestamp_domain.system_time,177457718.000,78.000,1,177457718.000,177457750.000,32.000,32.000,177457750.000,32.000,0,0,,,,,,,
2026-09-06T15:13:53.443,87,51,SEARCH_SWEEP,SEARCH_SWEEP,210,2,1788675233392.333,66.747,timestamp_domain.system_time,177457781.000,63.000,1,177457781.000,177457812.000,31.000,31.000,177457812.000,31.000,0,0,,,,,,,
2026-09-06T15:13:53.505,88,52,SEARCH_SWEEP,SEARCH_SWEEP,212,2,1788675233459.225,66.892,timestamp_domain.system_time,177457843.000,62.000,1,177457843.000,177457875.000,32.000,32.000,177457875.000,32.000,0,0,,,,,,,
2026-09-06T15:13:53.569,89,53,SEARCH_SWEEP,SEARCH_SWEEP,214,2,1788675233525.979,66.755,timestamp_domain.system_time,177457906.000,63.000,1,177457906.000,177457937.000,31.000,31.000,177457937.000,31.000,0,0,,,,,,,
2026-09-06T15:13:53.632,90,54,SEARCH_SWEEP,SEARCH_SWEEP,216,2,1788675233592.597,66.617,timestamp_domain.system_time,177457968.000,62.000,1,177457968.000,177458000.000,32.000,32.000,177458000.000,32.000,0,0,,,,,,,
2026-09-06T15:13:53.697,91,55,SEARCH_SWEEP,SEARCH_SWEEP,218,2,1788675233659.162,66.565,timestamp_domain.system_time,177458031.000,63.000,1,177458031.000,177458062.000,31.000,31.000,177458062.000,31.000,0,0,,,,,,,
2026-09-06T15:13:53.770,92,56,SEARCH_SWEEP,SEARCH_SWEEP,220,2,1788675233726.128,66.966,timestamp_domain.system_time,177458109.000,78.000,1,177458109.000,177458140.000,31.000,31.000,177458140.000,31.000,0,0,,,,,,,
2026-09-06T15:13:53.845,93,57,SEARCH_SWEEP,SEARCH_SWEEP,222,2,1788675233792.607,66.479,timestamp_domain.system_time,177458187.000,78.000,1,177458187.000,177458218.000,31.000,31.000,177458218.000,31.000,0,0,,,,,,,
2026-09-06T15:13:53.919,94,58,SEARCH_SWEEP,SEARCH_SWEEP,224,2,1788675233859.455,66.848,timestamp_domain.system_time,177458250.000,63.000,1,177458250.000,177458281.000,31.000,31.000,177458281.000,31.000,0,0,,,,,,,
2026-09-06T15:13:53.980,95,59,SEARCH_SWEEP,SEARCH_SWEEP,226,2,1788675233926.019,66.564,timestamp_domain.system_time,177458328.000,78.000,1,177458328.000,177458343.000,15.000,15.000,177458343.000,15.000,0,0,,,,,,,
2026-09-06T15:13:54.062,96,60,SEARCH_SWEEP,SEARCH_SWEEP,228,2,1788675233992.893,66.874,timestamp_domain.system_time,177458375.000,47.000,1,177458406.000,177458437.000,31.000,62.000,177458437.000,62.000,0,0,,,,,,,
2026-09-06T15:13:54.128,97,61,SEARCH_SWEEP,SEARCH_SWEEP,231,3,1788675234092.802,99.909,timestamp_domain.system_time,177458468.000,93.000,1,177458468.000,177458500.000,32.000,32.000,177458500.000,32.000,0,0,,,,,,,
2026-09-06T15:13:54.192,98,62,SEARCH_SWEEP,SEARCH_SWEEP,232,1,1788675234126.252,33.449,timestamp_domain.system_time,177458531.000,63.000,1,177458531.000,177458562.000,31.000,31.000,177458562.000,31.000,0,0,,,,,,,
2026-09-06T15:13:54.256,99,63,SEARCH_SWEEP,SEARCH_SWEEP,234,2,1788675234193.070,66.819,timestamp_domain.system_time,177458593.000,62.000,1,177458593.000,177458625.000,32.000,32.000,177458625.000,32.000,0,0,,,,,,,
2026-09-06T15:13:54.318,100,64,SEARCH_SWEEP,SEARCH_SWEEP,236,2,1788675234259.742,66.672,timestamp_domain.system_time,177458656.000,63.000,1,177458656.000,177458687.000,31.000,31.000,177458687.000,31.000,0,0,,,,,,,
2026-09-06T15:13:54.384,101,65,SEARCH_SWEEP,SEARCH_SWEEP,238,2,1788675234326.413,66.671,timestamp_domain.system_time,177458718.000,62.000,1,177458718.000,177458750.000,32.000,32.000,177458750.000,32.000,0,0,,,,,,,
2026-09-06T15:13:54.448,102,66,SEARCH_SWEEP,SEARCH_SWEEP,240,2,1788675234393.046,66.634,timestamp_domain.system_time,177458781.000,63.000,1,177458781.000,177458812.000,31.000,31.000,177458812.000,31.000,0,0,,,,,,,
2026-09-06T15:13:54.517,103,67,SEARCH_SWEEP,SEARCH_SWEEP,242,2,1788675234459.687,66.641,timestamp_domain.system_time,177458843.000,62.000,1,177458859.000,177458890.000,31.000,47.000,177458890.000,47.000,0,0,,,,,,,
2026-09-06T15:13:54.583,104,68,SEARCH_SWEEP,SEARCH_SWEEP,244,2,1788675234526.494,66.807,timestamp_domain.system_time,177458921.000,78.000,1,177458921.000,177458953.000,32.000,32.000,177458953.000,32.000,0,0,,,,,,,
2026-09-06T15:13:54.649,105,69,SEARCH_SWEEP,SEARCH_SWEEP,246,2,1788675234592.877,66.383,timestamp_domain.system_time,177458984.000,63.000,1,177458984.000,177459015.000,31.000,31.000,177459015.000,31.000,0,0,,,,,,,
2026-09-06T15:13:54.715,106,70,SEARCH_SWEEP,SEARCH_SWEEP,248,2,1788675234659.917,67.040,timestamp_domain.system_time,177459046.000,62.000,1,177459046.000,177459078.000,32.000,32.000,177459078.000,32.000,0,0,,,,,,,
2026-09-06T15:13:54.778,107,71,SEARCH_SWEEP,SEARCH_SWEEP,250,2,1788675234726.973,67.057,timestamp_domain.system_time,177459109.000,63.000,1,177459109.000,177459140.000,31.000,31.000,177459140.000,31.000,0,0,,,,,,,
2026-09-06T15:13:54.843,108,72,SEARCH_SWEEP,SEARCH_SWEEP,252,2,1788675234793.765,66.791,timestamp_domain.system_time,177459187.000,78.000,1,177459187.000,177459218.000,31.000,31.000,177459218.000,31.000,0,0,,,,,,,
2026-09-06T15:13:54.913,109,73,SEARCH_SWEEP,SEARCH_SWEEP,254,2,1788675234859.740,65.975,timestamp_domain.system_time,177459250.000,63.000,1,177459250.000,177459281.000,31.000,31.000,177459281.000,31.000,0,0,,,,,,,
2026-09-06T15:13:54.978,110,74,SEARCH_SWEEP,SEARCH_SWEEP,256,2,1788675234926.717,66.977,timestamp_domain.system_time,177459312.000,62.000,1,177459312.000,177459343.000,31.000,31.000,177459343.000,31.000,0,0,,,,,,,
2026-09-06T15:13:55.041,111,75,SEARCH_SWEEP,SEARCH_SWEEP,258,2,1788675234993.624,66.907,timestamp_domain.system_time,177459375.000,63.000,1,177459375.000,177459406.000,31.000,31.000,177459406.000,31.000,0,0,,,,,,,
2026-09-06T15:13:55.108,112,76,SEARCH_SWEEP,SEARCH_SWEEP,260,2,1788675235059.938,66.314,timestamp_domain.system_time,177459437.000,62.000,1,177459437.000,177459468.000,31.000,31.000,177459468.000,31.000,0,0,,,,,,,
2026-09-06T15:13:55.175,113,77,SEARCH_SWEEP,SEARCH_SWEEP,262,2,1788675235126.828,66.890,timestamp_domain.system_time,177459515.000,78.000,1,177459515.000,177459546.000,31.000,31.000,177459546.000,31.000,0,0,,,,,,,
2026-09-06T15:13:55.242,114,78,SEARCH_SWEEP,SEARCH_SWEEP,264,2,1788675235193.623,66.795,timestamp_domain.system_time,177459578.000,63.000,1,177459578.000,177459609.000,31.000,31.000,177459609.000,31.000,0,0,,,,,,,
2026-09-06T15:13:55.309,115,79,SEARCH_SWEEP,SEARCH_SWEEP,266,2,1788675235260.356,66.733,timestamp_domain.system_time,177459640.000,62.000,1,177459640.000,177459671.000,31.000,31.000,177459671.000,31.000,0,0,,,,,,,
2026-09-06T15:13:55.369,116,80,SEARCH_SWEEP,SEARCH_SWEEP,268,2,1788675235326.963,66.607,timestamp_domain.system_time,177459703.000,63.000,1,177459703.000,177459734.000,31.000,31.000,177459734.000,31.000,0,0,,,,,,,
2026-09-06T15:13:55.442,117,81,SEARCH_SWEEP,SEARCH_SWEEP,270,2,1788675235393.938,66.974,timestamp_domain.system_time,177459781.000,78.000,1,177459781.000,177459812.000,31.000,31.000,177459812.000,31.000,0,0,,,,,,,
2026-09-06T15:13:55.509,118,82,SEARCH_SWEEP,SEARCH_SWEEP,272,2,1788675235460.568,66.631,timestamp_domain.system_time,177459843.000,62.000,1,177459843.000,177459875.000,32.000,32.000,177459875.000,32.000,0,0,,,,,,,
2026-09-06T15:13:55.568,119,83,SEARCH_SWEEP,SEARCH_SWEEP,274,2,1788675235527.081,66.513,timestamp_domain.system_time,177459906.000,63.000,1,177459906.000,177459937.000,31.000,31.000,177459937.000,31.000,0,0,,,,,,,
2026-09-06T15:13:55.639,120,84,SEARCH_SWEEP,SEARCH_SWEEP,276,2,1788675235593.729,66.647,timestamp_domain.system_time,177459968.000,62.000,1,177459968.000,177460000.000,32.000,32.000,177460000.000,32.000,0,0,,,,,,,
2026-09-06T15:13:55.704,121,85,SEARCH_SWEEP,SEARCH_SWEEP,278,2,1788675235660.746,67.018,timestamp_domain.system_time,177460046.000,78.000,1,177460046.000,177460078.000,32.000,32.000,177460078.000,32.000,0,0,,,,,,,
2026-09-06T15:13:55.767,122,86,SEARCH_SWEEP,SEARCH_SWEEP,280,2,1788675235727.241,66.495,timestamp_domain.system_time,177460109.000,63.000,1,177460109.000,177460140.000,31.000,31.000,177460140.000,31.000,0,0,,,,,,,
2026-09-06T15:13:55.831,123,87,SEARCH_SWEEP,SEARCH_SWEEP,282,2,1788675235794.110,66.869,timestamp_domain.system_time,177460171.000,62.000,1,177460171.000,177460203.000,32.000,32.000,177460203.000,32.000,0,0,,,,,,,
2026-09-06T15:13:55.896,124,88,SEARCH_SWEEP,SEARCH_SWEEP,284,2,1788675235860.712,66.602,timestamp_domain.system_time,177460234.000,63.000,1,177460234.000,177460265.000,31.000,31.000,177460265.000,31.000,0,0,,,,,,,
2026-09-06T15:13:55.958,125,89,SEARCH_SWEEP,SEARCH_SWEEP,286,2,1788675235927.523,66.811,timestamp_domain.system_time,177460296.000,62.000,1,177460296.000,177460328.000,32.000,32.000,177460328.000,32.000,0,0,,,,,,,
2026-09-06T15:13:56.029,126,90,SEARCH_SWEEP,SEARCH_SWEEP,287,1,1788675235960.715,33.192,timestamp_domain.system_time,177460359.000,63.000,1,177460359.000,177460390.000,31.000,31.000,177460390.000,31.000,0,0,,,,,,,
2026-09-06T15:13:56.092,127,91,SEARCH_SWEEP,SEARCH_SWEEP,289,2,1788675236027.695,66.980,timestamp_domain.system_time,177460421.000,62.000,1,177460421.000,177460453.000,32.000,32.000,177460453.000,32.000,0,0,,,,,,,
2026-09-06T15:13:56.157,128,92,SEARCH_SWEEP,SEARCH_SWEEP,291,2,1788675236094.385,66.690,timestamp_domain.system_time,177460500.000,79.000,1,177460500.000,177460531.000,31.000,31.000,177460531.000,31.000,0,0,,,,,,,
2026-09-06T15:13:56.220,129,93,SEARCH_SWEEP,SEARCH_SWEEP,293,2,1788675236160.750,66.365,timestamp_domain.system_time,177460562.000,62.000,1,177460562.000,177460593.000,31.000,31.000,177460593.000,31.000,0,0,,,,,,,
2026-09-06T15:13:56.284,130,94,SEARCH_SWEEP,SEARCH_SWEEP,295,2,1788675236227.750,66.999,timestamp_domain.system_time,177460625.000,63.000,1,177460625.000,177460656.000,31.000,31.000,177460656.000,31.000,0,0,,,,,,,
2026-09-06T15:13:56.346,131,95,SEARCH_SWEEP,SEARCH_SWEEP,297,2,1788675236294.709,66.959,timestamp_domain.system_time,177460687.000,62.000,1,177460687.000,177460718.000,31.000,31.000,177460718.000,31.000,0,0,,,,,,,
2026-09-06T15:13:56.412,132,96,SEARCH_SWEEP,SEARCH_SWEEP,299,2,1788675236361.051,66.342,timestamp_domain.system_time,177460750.000,63.000,1,177460750.000,177460781.000,31.000,31.000,177460781.000,31.000,0,0,,,,,,,
2026-09-06T15:13:56.497,133,97,SEARCH_SWEEP,SEARCH_SWEEP,301,2,1788675236427.923,66.872,timestamp_domain.system_time,177460828.000,78.000,1,177460828.000,177460859.000,31.000,31.000,177460859.000,31.000,0,0,,,,,,,
2026-09-06T15:13:56.563,134,98,SEARCH_SWEEP,SEARCH_SWEEP,304,3,1788675236527.837,99.915,timestamp_domain.system_time,177460906.000,78.000,1,177460906.000,177460937.000,31.000,31.000,177460937.000,31.000,0,0,,,,,,,
2026-09-06T15:13:56.630,135,99,SEARCH_SWEEP,SEARCH_SWEEP,305,1,1788675236561.019,33.182,timestamp_domain.system_time,177460968.000,62.000,1,177460968.000,177461000.000,32.000,32.000,177461000.000,32.000,0,0,,,,,,,
2026-09-06T15:13:56.708,136,100,SEARCH_SWEEP,SEARCH_SWEEP,308,3,1788675236661.434,100.414,timestamp_domain.system_time,177461031.000,63.000,1,177461031.000,177461078.000,47.000,47.000,177461078.000,47.000,0,0,,,,,,,
2026-09-06T15:13:56.771,137,101,SEARCH_SWEEP,SEARCH_SWEEP,310,2,1788675236728.033,66.599,timestamp_domain.system_time,177461109.000,78.000,1,177461109.000,177461140.000,31.000,31.000,177461140.000,31.000,0,0,,,,,,,
2026-09-06T15:13:56.846,138,102,SEARCH_SWEEP,SEARCH_SWEEP,312,2,1788675236794.641,66.608,timestamp_domain.system_time,177461171.000,62.000,1,177461187.000,177461218.000,31.000,47.000,177461218.000,47.000,0,0,,,,,,,
2026-09-06T15:13:56.901,139,103,SEARCH_SWEEP,SEARCH_SWEEP,314,2,1788675236861.426,66.785,timestamp_domain.system_time,177461250.000,79.000,1,177461250.000,177461265.000,15.000,15.000,177461265.000,15.000,0,0,,,,,,,
2026-09-06T15:13:57.004,140,104,SEARCH_SWEEP,SEARCH_SWEEP,316,2,1788675236928.171,66.745,timestamp_domain.system_time,177461312.000,62.000,1,177461312.000,177461375.000,63.000,63.000,177461375.000,63.000,0,0,,,,,,,
2026-09-06T15:13:57.068,141,105,SEARCH_SWEEP,SEARCH_SWEEP,319,3,1788675237027.826,99.655,timestamp_domain.system_time,177461406.000,94.000,1,177461406.000,177461437.000,31.000,31.000,177461437.000,31.000,0,0,,,,,,,
2026-09-06T15:13:57.132,142,106,SEARCH_SWEEP,SEARCH_SWEEP,321,2,1788675237094.815,66.989,timestamp_domain.system_time,177461468.000,62.000,1,177461468.000,177461500.000,32.000,32.000,177461500.000,32.000,0,0,,,,,,,
2026-09-06T15:13:57.202,143,107,SEARCH_SWEEP,SEARCH_SWEEP,323,2,1788675237161.521,66.706,timestamp_domain.system_time,177461546.000,78.000,1,177461546.000,177461562.000,16.000,16.000,177461562.000,16.000,0,0,,,,,,,
2026-09-06T15:13:57.277,144,108,SEARCH_SWEEP,SEARCH_SWEEP,325,2,1788675237228.524,67.002,timestamp_domain.system_time,177461609.000,63.000,1,177461609.000,177461640.000,31.000,31.000,177461640.000,31.000,0,0,,,,,,,
2026-09-06T15:13:57.338,145,109,SEARCH_SWEEP,SEARCH_SWEEP,327,2,1788675237294.945,66.421,timestamp_domain.system_time,177461687.000,78.000,1,177461687.000,177461703.000,16.000,16.000,177461703.000,16.000,0,0,,,,,,,
2026-09-06T15:13:57.405,146,110,SEARCH_SWEEP,SEARCH_SWEEP,329,2,1788675237361.563,66.618,timestamp_domain.system_time,177461734.000,47.000,1,177461734.000,177461765.000,31.000,31.000,177461765.000,31.000,0,0,,,,,,,
2026-09-06T15:13:57.471,147,111,SEARCH_SWEEP,SEARCH_SWEEP,331,2,1788675237428.102,66.539,timestamp_domain.system_time,177461812.000,78.000,1,177461812.000,177461843.000,31.000,31.000,177461843.000,31.000,0,0,,,,,,,
2026-09-06T15:13:57.543,148,112,SEARCH_SWEEP,SEARCH_SWEEP,333,2,1788675237495.102,67.000,timestamp_domain.system_time,177461875.000,63.000,1,177461875.000,177461906.000,31.000,31.000,177461906.000,31.000,0,0,,,,,,,
2026-09-06T15:13:57.618,149,113,SEARCH_SWEEP,SEARCH_SWEEP,335,2,1788675237562.043,66.941,timestamp_domain.system_time,177461953.000,78.000,1,177461953.000,177461984.000,31.000,31.000,177461984.000,31.000,0,0,,,,,,,
2026-09-06T15:13:57.685,150,114,SEARCH_SWEEP,SEARCH_SWEEP,337,2,1788675237628.665,66.622,timestamp_domain.system_time,177462015.000,62.000,1,177462015.000,177462046.000,31.000,31.000,177462046.000,31.000,0,0,,,,,,,
2026-09-06T15:13:57.746,151,115,SEARCH_SWEEP,SEARCH_SWEEP,339,2,1788675237695.276,66.611,timestamp_domain.system_time,177462078.000,63.000,1,177462093.000,177462109.000,16.000,31.000,177462109.000,31.000,0,0,,,,,,,
2026-09-06T15:13:57.806,152,116,SEARCH_SWEEP,SEARCH_SWEEP,341,2,1788675237762.180,66.904,timestamp_domain.system_time,177462140.000,62.000,1,177462140.000,177462171.000,31.000,31.000,177462171.000,31.000,0,0,,,,,,,
2026-09-06T15:13:57.877,153,117,SEARCH_SWEEP,SEARCH_SWEEP,343,2,1788675237829.018,66.839,timestamp_domain.system_time,177462203.000,63.000,1,177462203.000,177462250.000,47.000,47.000,177462250.000,47.000,0,0,,,,,,,
2026-09-06T15:13:57.939,154,118,SEARCH_SWEEP,SEARCH_SWEEP,345,2,1788675237895.547,66.529,timestamp_domain.system_time,177462265.000,62.000,1,177462265.000,177462312.000,47.000,47.000,177462312.000,47.000,0,0,,,,,,,
2026-09-06T15:13:58.004,155,119,SEARCH_SWEEP,SEARCH_SWEEP,347,2,1788675237962.111,66.564,timestamp_domain.system_time,177462343.000,78.000,1,177462343.000,177462375.000,32.000,32.000,177462375.000,32.000,0,0,,,,,,,
2026-09-06T15:13:58.071,156,120,SEARCH_SWEEP,SEARCH_SWEEP,349,2,1788675238028.615,66.504,timestamp_domain.system_time,177462406.000,63.000,1,177462406.000,177462437.000,31.000,31.000,177462437.000,31.000,0,0,,,,,,,
2026-09-06T15:13:58.140,157,121,SEARCH_SWEEP,SEARCH_SWEEP,351,2,1788675238095.668,67.053,timestamp_domain.system_time,177462468.000,62.000,1,177462468.000,177462515.000,47.000,47.000,177462515.000,47.000,0,0,,,,,,,
2026-09-06T15:13:58.204,158,122,SEARCH_SWEEP,SEARCH_SWEEP,353,2,1788675238162.331,66.663,timestamp_domain.system_time,177462546.000,78.000,1,177462546.000,177462578.000,32.000,32.000,177462578.000,32.000,0,0,,,,,,,
2026-09-06T15:13:58.272,159,123,SEARCH_SWEEP,SEARCH_SWEEP,355,2,1788675238228.986,66.655,timestamp_domain.system_time,177462609.000,63.000,1,177462609.000,177462640.000,31.000,31.000,177462640.000,31.000,0,0,,,,,,,
