t_iso,t_mono,frame_i,fsm_state,align_sub,det_ok,pos_x,pos_y,pos_z,yaw_deg,yaw_model_raw_deg,width_m,fps,rot_stop_command,rot_stop_mode,rot_stop_measured_rate_deg_s,rot_stop_effective_rate_deg_s,rot_stop_error_deg,rot_post_stop_deg,rot_post_stop_peak_abs_deg
2026-09-06T16:51:35.328,183319.640000,1,PRECHECK,PRECHECK,0,,,,,,,1.67,,,,,,,
2026-09-06T16:51:35.482,183319.781000,3,SEARCH_SWEEP,SEARCH_SWEEP,0,,,,,,,1.24,,,,,,,
2026-09-06T16:51:35.605,183319.906000,5,SEARCH_SWEEP,SEARCH_SWEEP,0,,,,,,,1.24,,,,,,,
2026-09-06T16:51:35.711,183320.015000,7,SEARCH_SWEEP,SEARCH_SWEEP,0,,,,,,,1.24,,,,,,,
2026-09-06T16:51:35.814,183320.125000,9,SEARCH_SWEEP,SEARCH_SWEEP,0,,,,,,,1.24,,,,,,,
2026-09-06T16:51:35.961,183320.265000,12,SEARCH_SWEEP,SEARCH_SWEEP,0,,,,,,,19.07,,,,,,,
2026-09-06T16:51:36.109,183320.421000,15,SEARCH_SWEEP,SEARCH_SWEEP,0,,,,,,,19.07,,,,,,,
2026-09-06T16:51:36.259,183320.562000,18,SEARCH_SWEEP,SEARCH_SWEEP,0,,,,,,,19.07,,,,,,,
2026-09-06T16:51:36.359,183320.671000,20,SEARCH_SWEEP,SEARCH_SWEEP,0,,,,,,,19.07,,,,,,,
2026-09-06T16:51:36.503,183320.812000,22,SEARCH_SWEEP,SEARCH_SWEEP,0,,,,,,,18.12,,,,,,,
2026-09-06T16:51:36.661,183320.968000,25,SEARCH_SWEEP,SEARCH_SWEEP,0,,,,,,,18.12,,,,,,,
2026-09-06T16:51:36.810,183321.109000,28,SEARCH_SWEEP,SEARCH_SWEEP,0,,,,,,,18.12,,,,,,,
2026-09-06T16:51:36.912,183321.218000,30,SEARCH_SWEEP,SEARCH_SWEEP,0,,,,,,,18.12,,,,,,,
2026-09-06T16:51:37.058,183321.359000,33,SEARCH_SWEEP,SEARCH_SWEEP,0,,,,,,,20.18,,,,,,,
2026-09-06T16:51:37.164,183321.468000,35,SEARCH_SWEEP,SEARCH_SWEEP,0,,,,,,,20.18,,,,,,,
2026-09-06T16:51:37.291,183321.593000,37,SEARCH_SWEEP,SEARCH_SWEEP,0,,,,,,,20.18,,,,,,,
2026-09-06T16:51:37.454,183321.765000,39,SEARCH_SWEEP,SEARCH_SWEEP,0,,,,,,,20.18,,,,,,,
2026-09-06T16:51:37.577,183321.890000,41,SEARCH_SWEEP,SEARCH_SWEEP,0,,,,,,,15.42,,,,,,,
2026-09-06T16:51:37.697,183322.000000,43,SEARCH_SWEEP,SEARCH_SWEEP,0,,,,,,,15.42,,,,,,,
2026-09-06T16:51:37.821,183322.125000,45,SEARCH_SWEEP,SEARCH_SWEEP,0,,,,,,,15.42,,,,,,,
2026-09-06T16:51:37.945,183322.250000,47,SEARCH_SWEEP,SEARCH_SWEEP,0,,,,,,,15.42,,,,,,,
2026-09-06T16:51:38.071,183322.375000,49,SEARCH_SWEEP,SEARCH_SWEEP,0,,,,,,,15.42,,,,,,,
2026-09-06T16:51:38.201,183322.500000,51,SEARCH_SWEEP,SEARCH_SWEEP,0,,,,,,,15.95,,,,,,,
2026-09-06T16:51:38.318,183322.625000,53,SEARCH_SWEEP,SEARCH_SWEEP,0,,,,,,,15.95,,,,,,,
2026-09-06T16:51:38.490,183322.796000,55,SEARCH_SWEEP,SEARCH_SWEEP,0,,,,,,,15.95,,,,,,,
2026-09-06T16:51:38.607,183322.906000,57,SEARCH_SWEEP,SEARCH_SWEEP,0,,,,,,,15.95,,,,,,,
2026-09-06T16:51:38.727,183323.031000,59,SEARCH_SWEEP,SEARCH_SWEEP,0,,,,,,,15.11,,,,,,,
2026-09-06T16:51:38.851,183323.156000,61,SEARCH_SWEEP,SEARCH_SWEEP,0,,,,,,,15.11,,,,,,,
2026-09-06T16:51:38.971,183323.281000,63,SEARCH_SWEEP,SEARCH_SWEEP,0,,,,,,,15.11,,,,,,,
2026-09-06T16:51:39.092,183323.390000,65,SEARCH_SWEEP,SEARCH_SWEEP,0,,,,,,,15.11,,,,,,,
2026-09-06T16:51:39.209,183323.515000,67,SEARCH_SWEEP,SEARCH_SWEEP,0,,,,,,,16.61,,,,,,,
2026-09-06T16:51:39.325,183323.625000,69,SEARCH_SWEEP,SEARCH_SWEEP,0,,,,,,,16.61,,,,,,,
2026-09-06T16:51:39.488,183323.796000,70,SEARCH_SWEEP,SEARCH_SWEEP,0,,,,,,,16.61,,,,,,,
2026-09-06T16:51:39.608,183323.921000,72,SEARCH_SWEEP,SEARCH_SWEEP,0,,,,,,,16.61,,,,,,,
2026-09-06T16:51:39.731,183324.031000,74,SEARCH_SWEEP,SEARCH_SWEEP,0,,,,,,,13.47,,,,,,,
2026-09-06T16:51:39.851,183324.156000,76,SEARCH_SWEEP,SEARCH_SWEEP,0,,,,,,,13.47,,,,,,,
2026-09-06T16:51:39.977,183324.281000,78,SEARCH_SWEEP,SEARCH_SWEEP,0,,,,,,,13.47,,,,,,,
2026-09-06T16:51:40.092,183324.406000,80,SEARCH_SWEEP,SEARCH_SWEEP,0,,,,,,,13.47,,,,,,,
2026-09-06T16:51:40.213,183324.515000,82,SEARCH_SWEEP,SEARCH_SWEEP,0,,,,,,,13.47,,,,,,,
2026-09-06T16:51:40.340,183324.640000,84,SEARCH_SWEEP,SEARCH_SWEEP,0,,,,,,,16.55,,,,,,,
2026-09-06T16:51:40.493,183324.796000,86,SEARCH_SWEEP,SEARCH_SWEEP,0,,,,,,,16.55,,,,,,,
2026-09-06T16:51:40.620,183324.921000,88,SEARCH_SWEEP,SEARCH_SWEEP,0,,,,,,,16.55,,,,,,,
2026-09-06T16:51:40.738,183325.046000,90,SEARCH_SWEEP,SEARCH_SWEEP,0,,,,,,,16.55,,,,,,,
2026-09-06T16:51:40.860,183325.171000,92,SEARCH_SWEEP,SEARCH_SWEEP,0,,,,,,,15.32,,,,,,,
2026-09-06T16:51:40.977,183325.281000,94,SEARCH_SWEEP,SEARCH_SWEEP,0,,,,,,,15.32,,,,,,,
2026-09-06T16:51:41.098,183325.406000,96,SEARCH_SWEEP,SEARCH_SWEEP,0,,,,,,,15.32,,,,,,,
2026-09-06T16:51:41.228,183325.531000,98,SEARCH_SWEEP,SEARCH_SWEEP,0,,,,,,,15.32,,,,,,,
2026-09-06T16:51:41.351,183325.656000,100,SEARCH_SWEEP,SEARCH_SWEEP,0,,,,,,,16.29,,,,,,,
2026-09-06T16:51:41.487,183325.796000,101,SEARCH_SWEEP,SEARCH_SWEEP,0,,,,,,,16.29,,,,,,,
2026-09-06T16:51:41.618,183325.921000,103,SEARCH_SWEEP,SEARCH_SWEEP,0,,,,,,,16.29,,,,,,,
2026-09-06T16:51:41.740,183326.046000,105,SEARCH_SWEEP,SEARCH_SWEEP,0,,,,,,,16.29,,,,,,,
2026-09-06T16:51:41.869,183326.171000,107,SEARCH_SWEEP,SEARCH_SWEEP,0,,,,,,,13.50,,,,,,,
2026-09-06T16:51:41.988,183326.296000,109,SEARCH_SWEEP,SEARCH_SWEEP,0,,,,,,,13.50,,,,,,,
2026-09-06T16:51:42.132,183326.437000,111,SEARCH_SWEEP,SEARCH_SWEEP,0,,,,,,,13.50,,,,,,,
2026-09-06T16:51:42.255,183326.562000,113,SEARCH_SWEEP,SEARCH_SWEEP,0,,,,,,,13.50,,,,,,,
2026-09-06T16:51:42.375,183326.687000,115,SEARCH_SWEEP,SEARCH_SWEEP,0,,,,,,,15.49,,,,,,,
2026-09-06T16:51:42.494,183326.796000,116,SEARCH_SWEEP,SEARCH_SWEEP,0,,,,,,,15.49,,,,,,,
2026-09-06T16:51:42.619,183326.921000,118,SEARCH_SWEEP,SEARCH_SWEEP,0,,,,,,,15.49,,,,,,,
2026-09-06T16:51:42.739,183327.046000,120,SEARCH_SWEEP,SEARCH_SWEEP,0,,,,,,,15.49,,,,,,,
2026-09-06T16:51:42.866,183327.171000,122,SEARCH_SWEEP,SEARCH_SWEEP,0,,,,,,,15.49,,,,,,,
2026-09-06T16:51:42.989,183327.296000,124,SEARCH_SWEEP,SEARCH_SWEEP,0,,,,,,,14.78,,,,,,,
2026-09-06T16:51:43.119,183327.421000,126,SEARCH_SWEEP,SEARCH_SWEEP,0,,,,,,,14.78,,,,,,,
2026-09-06T16:51:43.240,183327.546000,128,SEARCH_SWEEP,SEARCH_SWEEP,0,,,,,,,14.78,,,,,,,
2026-09-06T16:51:43.360,183327.671000,130,SEARCH_SWEEP,SEARCH_SWEEP,0,,,,,,,14.78,,,,,,,
2026-09-06T16:51:43.489,183327.796000,131,SEARCH_SWEEP,SEARCH_SWEEP,0,,,,,,,14.08,,,,,,,
2026-09-06T16:51:43.619,183327.921000,133,SEARCH_SWEEP,SEARCH_SWEEP,0,,,,,,,14.08,,,,,,,
2026-09-06T16:51:43.741,183328.046000,135,SEARCH_SWEEP,SEARCH_SWEEP,0,,,,,,,14.08,,,,,,,
2026-09-06T16:51:43.898,183328.203000,137,SEARCH_SWEEP,SEARCH_SWEEP,0,,,,,,,14.08,,,,,,,
2026-09-06T16:51:44.042,183328.343000,139,SEARCH_SWEEP,SEARCH_SWEEP,0,,,,,,,14.69,,,,,,,
2026-09-06T16:51:44.188,183328.500000,141,SEARCH_SWEEP,SEARCH_SWEEP,0,,,,,,,14.69,,,,,,,
2026-09-06T16:51:44.337,183328.640000,143,SEARCH_SWEEP,SEARCH_SWEEP,0,,,,,,,14.69,,,,,,,
2026-09-06T16:51:44.501,183328.812000,145,SEARCH_SWEEP,SEARCH_SWEEP,0,,,,,,,14.69,,,,,,,
2026-09-06T16:51:44.638,183328.937000,147,SEARCH_SWEEP,SEARCH_SWEEP,0,,,,,,,13.19,,,,,,,
2026-09-06T16:51:44.792,183329.093000,149,SEARCH_SWEEP,SEARCH_SWEEP,0,,,,,,,13.19,,,,,,,
2026-09-06T16:51:44.929,183329.234000,151,SEARCH_SWEEP,SEARCH_SWEEP,0,,,,,,,13.19,,,,,,,
2026-09-06T16:51:45.069,183329.375000,153,SEARCH_SWEEP,SEARCH_SWEEP,0,,,,,,,13.19,,,,,,,
2026-09-06T16:51:45.213,183329.515000,155,SEARCH_SWEEP,SEARCH_SWEEP,0,,,,,,,13.87,,,,,,,
2026-09-06T16:51:45.368,183329.671000,157,SEARCH_SWEEP,SEARCH_SWEEP,0,,,,,,,13.87,,,,,,,
2026-09-06T16:51:45.531,183329.843000,159,SEARCH_SWEEP,SEARCH_SWEEP,0,,,,,,,13.87,,,,,,,
2026-09-06T16:51:45.685,183329.984000,161,SEARCH_SWEEP,SEARCH_SWEEP,0,,,,,,,13.03,,,,,,,
2026-09-06T16:51:45.840,183330.140000,163,SEARCH_SWEEP,SEARCH_SWEEP,0,,,,,,,13.03,,,,,,,
2026-09-06T16:51:45.995,183330.296000,165,SEARCH_SWEEP,SEARCH_SWEEP,0,,,,,,,13.03,,,,,,,
2026-09-06T16:51:46.143,183330.453000,167,SEARCH_SWEEP,SEARCH_SWEEP,0,,,,,,,13.03,,,,,,,
2026-09-06T16:51:46.300,183330.609000,169,SEARCH_SWEEP,SEARCH_SWEEP,0,,,,,,,13.15,,,,,,,
2026-09-06T16:51:46.438,183330.750000,171,SEARCH_SWEEP,SEARCH_SWEEP,0,,,,,,,13.15,,,,,,,
2026-09-06T16:51:46.600,183330.906000,173,SEARCH_SWEEP,SEARCH_SWEEP,0,,,,,,,13.15,,,,,,,
2026-09-06T16:51:46.750,183331.062000,175,SEARCH_SWEEP,SEARCH_SWEEP,0,,,,,,,13.11,,,,,,,
2026-09-06T16:51:46.902,183331.203000,177,SEARCH_SWEEP,SEARCH_SWEEP,0,,,,,,,13.11,,,,,,,
2026-09-06T16:51:47.059,183331.359000,179,SEARCH_SWEEP,SEARCH_SWEEP,0,,,,,,,13.11,,,,,,,
2026-09-06T16:51:47.207,183331.515000,181,SEARCH_SWEEP,SEARCH_SWEEP,0,,,,,,,13.11,,,,,,,
2026-09-06T16:51:47.358,183331.671000,183,SEARCH_SWEEP,SEARCH_SWEEP,0,,,,,,,13.19,,,,,,,
2026-09-06T16:51:47.551,183331.859000,185,SEARCH_SWEEP,SEARCH_SWEEP,0,,,,,,,13.19,,,,,,,
2026-09-06T16:51:47.696,183332.000000,187,SEARCH_SWEEP,SEARCH_SWEEP,0,,,,,,,13.19,,,,,,,
2026-09-06T16:51:47.842,183332.156000,189,SEARCH_SWEEP,SEARCH_SWEEP,0,,,,,,,12.54,,,,,,,
2026-09-06T16:51:47.989,183332.296000,191,SEARCH_SWEEP,SEARCH_SWEEP,0,,,,,,,12.54,,,,,,,
2026-09-06T16:51:48.140,183332.453000,193,SEARCH_SWEEP,SEARCH_SWEEP,0,,,,,,,12.54,,,,,,,
2026-09-06T16:51:48.289,183332.593000,195,SEARCH_SWEEP,SEARCH_SWEEP,0,,,,,,,12.54,,,,,,,
2026-09-06T16:51:48.433,183332.734000,197,SEARCH_SWEEP,SEARCH_SWEEP,0,,,,,,,13.62,,,,,,,
2026-09-06T16:51:48.533,183332.843000,198,SEARCH_SWEEP,SEARCH_SWEEP,0,,,,,,,13.62,,,,,,,
2026-09-06T16:51:48.698,183333.000000,200,SEARCH_SWEEP,SEARCH_SWEEP,0,,,,,,,13.62,,,,,,,
2026-09-06T16:51:48.840,183333.140000,202,SEARCH_SWEEP,SEARCH_SWEEP,0,,,,,,,13.62,,,,,,,
2026-09-06T16:51:48.990,183333.296000,204,SEARCH_SWEEP,SEARCH_SWEEP,0,,,,,,,12.35,,,,,,,
2026-09-06T16:51:49.150,183333.453000,206,SEARCH_SWEEP,SEARCH_SWEEP,0,,,,,,,12.35,,,,,,,
2026-09-06T16:51:49.309,183333.609000,208,SEARCH_SWEEP,SEARCH_SWEEP,0,,,,,,,12.35,,,,,,,
2026-09-06T16:51:49.470,183333.781000,210,SEARCH_SWEEP,SEARCH_SWEEP,0,,,,,,,12.75,,,,,,,
2026-09-06T16:51:49.589,183333.890000,211,SEARCH_SWEEP,SEARCH_SWEEP,0,,,,,,,12.75,,,,,,,
2026-09-06T16:51:49.766,183334.078000,213,SEARCH_SWEEP,SEARCH_SWEEP,0,,,,,,,12.75,,,,,,,
2026-09-06T16:51:49.926,183334.234000,215,SEARCH_SWEEP,SEARCH_SWEEP,0,,,,,,,12.75,,,,,,,
2026-09-06T16:51:50.079,183334.390000,217,SEARCH_SWEEP,SEARCH_SWEEP,0,,,,,,,11.31,,,,,,,
2026-09-06T16:51:50.239,183334.546000,219,SEARCH_SWEEP,SEARCH_SWEEP,0,,,,,,,11.31,,,,,,,
2026-09-06T16:51:50.393,183334.703000,221,SEARCH_SWEEP,SEARCH_SWEEP,0,,,,,,,11.31,,,,,,,
2026-09-06T16:51:50.576,183334.875000,223,SEARCH_SWEEP,SEARCH_SWEEP,0,,,,,,,12.25,,,,,,,
2026-09-06T16:51:50.726,183335.031000,225,SEARCH_SWEEP,SEARCH_SWEEP,0,,,,,,,12.25,,,,,,,
2026-09-06T16:51:50.914,183335.218000,227,SEARCH_SWEEP,SEARCH_SWEEP,0,,,,,,,12.25,,,,,,,
2026-09-06T16:51:51.068,183335.375000,229,SEARCH_SWEEP,SEARCH_SWEEP,0,,,,,,,12.25,,,,,,,
2026-09-06T16:51:51.239,183335.546000,231,SEARCH_SWEEP,SEARCH_SWEEP,0,,,,,,,11.93,,,,,,,
2026-09-06T16:51:51.378,183335.687000,233,SEARCH_SWEEP,SEARCH_SWEEP,0,,,,,,,11.93,,,,,,,
2026-09-06T16:51:51.586,183335.890000,235,SEARCH_SWEEP,SEARCH_SWEEP,0,,,,,,,11.93,,,,,,,
2026-09-06T16:51:51.762,183336.062000,237,SEARCH_SWEEP,SEARCH_SWEEP,0,,,,,,,11.88,,,,,,,
2026-09-06T16:51:51.912,183336.218000,239,SEARCH_SWEEP,SEARCH_SWEEP,0,,,,,,,11.88,,,,,,,
2026-09-06T16:51:52.060,183336.359000,241,SEARCH_SWEEP,SEARCH_SWEEP,0,,,,,,,11.88,,,,,,,
2026-09-06T16:51:52.210,183336.515000,243,SEARCH_SWEEP,SEARCH_SWEEP,0,,,,,,,12.79,,,,,,,
2026-09-06T16:51:52.368,183336.671000,245,SEARCH_SWEEP,SEARCH_SWEEP,0,,,,,,,12.79,,,,,,,
2026-09-06T16:51:52.664,183336.968000,247,SEARCH_SWEEP,SEARCH_SWEEP,0,,,,,,,12.79,,,,,,,
2026-09-06T16:51:52.811,183337.125000,249,SEARCH_SWEEP,SEARCH_SWEEP,0,,,,,,,9.59,,,,,,,
2026-09-06T16:51:52.953,183337.265000,251,SEARCH_SWEEP,SEARCH_SWEEP,0,,,,,,,9.59,,,,,,,
2026-09-06T16:51:53.109,183337.421000,253,SEARCH_SWEEP,SEARCH_SWEEP,0,,,,,,,9.59,,,,,,,
2026-09-06T16:51:53.269,183337.578000,255,SEARCH_SWEEP,SEARCH_SWEEP,0,,,,,,,13.01,,,,,,,
2026-09-06T16:51:53.420,183337.718000,257,SEARCH_SWEEP,SEARCH_SWEEP,0,,,,,,,13.01,,,,,,,
2026-09-06T16:51:53.575,183337.875000,259,SEARCH_SWEEP,SEARCH_SWEEP,0,,,,,,,13.01,,,,,,,
2026-09-06T16:51:53.723,183338.031000,261,SEARCH_SWEEP,SEARCH_SWEEP,0,,,,,,,13.01,,,,,,,
2026-09-06T16:51:53.881,183338.187000,263,SEARCH_SWEEP,SEARCH_SWEEP,0,,,,,,,13.12,,,,,,,
2026-09-06T16:51:54.041,183338.343000,265,SEARCH_SWEEP,SEARCH_SWEEP,0,,,,,,,13.12,,,,,,,
2026-09-06T16:51:54.189,183338.500000,267,SEARCH_SWEEP,SEARCH_SWEEP,0,,,,,,,13.12,,,,,,,
2026-09-06T16:51:54.343,183338.656000,269,SEARCH_SWEEP,SEARCH_SWEEP,0,,,,,,,13.03,,,,,,,
2026-09-06T16:51:54.490,183338.796000,271,SEARCH_SWEEP,SEARCH_SWEEP,0,,,,,,,13.03,,,,,,,
2026-09-06T16:51:54.653,183338.953000,273,SEARCH_SWEEP,SEARCH_SWEEP,0,,,,,,,13.03,,,,,,,
2026-09-06T16:51:54.801,183339.109000,275,SEARCH_SWEEP,SEARCH_SWEEP,0,,,,,,,13.03,,,,,,,
2026-09-06T16:51:54.958,183339.265000,277,SEARCH_SWEEP,SEARCH_SWEEP,0,,,,,,,13.04,,,,,,,
2026-09-06T16:51:55.101,183339.406000,279,SEARCH_SWEEP,SEARCH_SWEEP,0,,,,,,,13.04,,,,,,,
2026-09-06T16:51:55.253,183339.562000,281,SEARCH_SWEEP,SEARCH_SWEEP,0,,,,,,,13.04,,,,,,,
2026-09-06T16:51:55.406,183339.718000,283,SEARCH_SWEEP,SEARCH_SWEEP,0,,,,,,,13.30,,,,,,,
2026-09-06T16:51:55.575,183339.875000,285,SEARCH_SWEEP,SEARCH_SWEEP,0,,,,,,,13.30,,,,,,,
2026-09-06T16:51:55.744,183340.046000,287,SEARCH_SWEEP,SEARCH_SWEEP,0,,,,,,,13.30,,,,,,,
2026-09-06T16:51:55.891,183340.203000,289,SEARCH_SWEEP,SEARCH_SWEEP,0,,,,,,,13.30,,,,,,,
2026-09-06T16:51:56.045,183340.343000,291,SEARCH_SWEEP,SEARCH_SWEEP,0,,,,,,,12.47,,,,,,,
2026-09-06T16:51:56.195,183340.500000,293,SEARCH_SWEEP,SEARCH_SWEEP,0,,,,,,,12.47,,,,,,,
2026-09-06T16:51:56.362,183340.671000,295,SEARCH_SWEEP,SEARCH_SWEEP,0,,,,,,,12.47,,,,,,,
2026-09-06T16:51:56.468,183340.781000,296,SEARCH_SWEEP,SEARCH_SWEEP,0,,,,,,,12.47,,,,,,,
2026-09-06T16:51:56.576,183340.890000,297,SEARCH_SWEEP,SEARCH_SWEEP,0,,,,,,,11.63,,,,,,,
2026-09-06T16:51:56.730,183341.031000,299,SEARCH_SWEEP,SEARCH_SWEEP,0,,,,,,,11.63,,,,,,,
2026-09-06T16:51:56.891,183341.203000,301,SEARCH_SWEEP,SEARCH_SWEEP,0,,,,,,,11.63,,,,,,,
2026-09-06T16:51:57.041,183341.343000,303,SEARCH_SWEEP,SEARCH_SWEEP,0,,,,,,,11.63,,,,,,,
2026-09-06T16:51:57.142,183341.453000,304,SEARCH_SWEEP,SEARCH_SWEEP,0,,,,,,,12.68,,,,,,,
2026-09-06T16:51:57.292,183341.593000,306,SEARCH_SWEEP,SEARCH_SWEEP,0,,,,,,,12.68,,,,,,,
2026-09-06T16:51:57.436,183341.750000,308,SEARCH_SWEEP,SEARCH_SWEEP,0,,,,,,,12.68,,,,,,,
2026-09-06T16:51:57.587,183341.890000,310,SEARCH_SWEEP,SEARCH_SWEEP,0,,,,,,,12.68,,,,,,,
2026-09-06T16:51:57.750,183342.062000,312,SEARCH_SWEEP,SEARCH_SWEEP,0,,,,,,,12.77,,,,,,,
2026-09-06T16:51:57.900,183342.203000,314,SEARCH_SWEEP,SEARCH_SWEEP,0,,,,,,,12.77,,,,,,,
2026-09-06T16:51:58.051,183342.359000,316,SEARCH_SWEEP,SEARCH_SWEEP,0,,,,,,,12.77,,,,,,,
2026-09-06T16:51:58.200,183342.500000,318,SEARCH_SWEEP,SEARCH_SWEEP,0,,,,,,,13.21,,,,,,,
2026-09-06T16:51:58.350,183342.656000,320,SEARCH_SWEEP,SEARCH_SWEEP,0,,,,,,,13.21,,,,,,,
2026-09-06T16:51:58.507,183342.812000,322,SEARCH_SWEEP,SEARCH_SWEEP,0,,,,,,,13.21,,,,,,,
2026-09-06T16:51:58.658,183342.968000,324,SEARCH_SWEEP,SEARCH_SWEEP,0,,,,,,,13.21,,,,,,,
2026-09-06T16:51:58.823,183343.125000,326,SEARCH_SWEEP,SEARCH_SWEEP,0,,,,,,,12.67,,,,,,,
2026-09-06T16:51:58.994,183343.296000,328,SEARCH_SWEEP,SEARCH_SWEEP,0,,,,,,,12.67,,,,,,,
2026-09-06T16:51:59.160,183343.468000,330,SEARCH_SWEEP,SEARCH_SWEEP,0,,,,,,,12.67,,,,,,,
2026-09-06T16:51:59.310,183343.609000,332,SEARCH_SWEEP,SEARCH_SWEEP,0,,,,,,,12.45,,,,,,,
2026-09-06T16:51:59.458,183343.765000,334,SEARCH_SWEEP,SEARCH_SWEEP,0,,,,,,,12.45,,,,,,,
2026-09-06T16:51:59.616,183343.921000,336,SEARCH_SWEEP,SEARCH_SWEEP,0,,,,,,,12.45,,,,,,,
2026-09-06T16:51:59.777,183344.078000,338,SEARCH_SWEEP,SEARCH_SWEEP,0,,,,,,,12.45,,,,,,,
2026-09-06T16:51:59.928,183344.234000,340,SEARCH_SWEEP,SEARCH_SWEEP,0,,,,,,,13.07,,,,,,,
2026-09-06T16:52:00.077,183344.390000,342,SEARCH_SWEEP,SEARCH_SWEEP,0,,,,,,,13.07,,,,,,,
2026-09-06T16:52:00.247,183344.546000,344,SEARCH_SWEEP,SEARCH_SWEEP,0,,,,,,,13.07,,,,,,,
2026-09-06T16:52:00.418,183344.718000,346,SEARCH_SWEEP,SEARCH_SWEEP,0,,,,,,,12.49,,,,,,,
2026-09-06T16:52:00.622,183344.921000,348,SEARCH_SWEEP,SEARCH_SWEEP,0,,,,,,,12.49,,,,,,,
2026-09-06T16:52:00.719,183345.031000,349,SEARCH_SWEEP,SEARCH_SWEEP,0,,,,,,,12.49,,,,,,,
2026-09-06T16:52:00.878,183345.187000,351,SEARCH_SWEEP,SEARCH_SWEEP,0,,,,,,,12.49,,,,,,,
2026-09-06T16:52:01.033,183345.343000,353,SEARCH_SWEEP,SEARCH_SWEEP,1,3.383995,0.526847,6.391659,26.5413,26.5413,1.1000,11.09,,,,,,,
2026-09-06T16:52:01.214,183345.515000,355,INITIAL_VISIBILITY_SWEEP,INITIAL_VISIBILITY_SWEEP,1,2.177462,0.344768,4.104917,21.8237,21.8237,1.1000,11.09,,,,,,,
2026-09-06T16:52:01.366,183345.671000,357,INITIAL_VISIBILITY_SWEEP,INITIAL_VISIBILITY_SWEEP,1,2.155696,0.381109,4.550825,11.7523,11.7523,1.1000,11.09,,,,,,,
2026-09-06T16:52:01.531,183345.843000,359,INITIAL_VISIBILITY_SWEEP,INITIAL_VISIBILITY_SWEEP,1,2.248620,0.442391,5.399028,12.2366,12.2366,1.1000,12.12,,,,,,,
2026-09-06T16:52:01.690,183346.000000,361,INITIAL_VISIBILITY_SWEEP,INITIAL_VISIBILITY_SWEEP,1,1.527203,0.357185,4.137794,7.7000,7.7000,1.1000,12.12,,,,,,,
2026-09-06T16:52:01.860,183346.171000,363,INITIAL_VISIBILITY_SWEEP,INITIAL_VISIBILITY_SWEEP,1,1.391463,0.348667,4.197925,5.8531,5.8531,1.1000,12.12,,,,,,,
2026-09-06T16:52:02.027,183346.328000,365,INITIAL_VISIBILITY_SWEEP,INITIAL_VISIBILITY_SWEEP,1,1.127499,0.365342,4.260881,2.3398,2.3398,1.1000,11.97,,,,,,,
2026-09-06T16:52:02.200,183346.500000,367,INITIAL_VISIBILITY_SWEEP,INITIAL_VISIBILITY_SWEEP,1,0.961944,0.367981,4.373183,0.2173,0.2173,1.1000,11.97,,,,,,,
2026-09-06T16:52:02.367,183346.671000,369,INITIAL_VISIBILITY_SWEEP,INITIAL_VISIBILITY_SWEEP,1,0.778656,0.380523,4.404457,-1.9675,-1.9675,1.1000,11.97,,,,,,,
2026-09-06T16:52:02.541,183346.843000,371,INITIAL_VISIBILITY_SWEEP,INITIAL_VISIBILITY_SWEEP,1,0.552013,0.395782,4.435479,-4.4153,-4.4153,1.1000,11.62,,,,,,,
2026-09-06T16:52:02.712,183347.015000,373,INITIAL_VISIBILITY_SWEEP,INITIAL_VISIBILITY_SWEEP,1,0.371765,0.380493,4.503644,-6.4722,-6.4722,1.1000,11.62,,,,,,,
2026-09-06T16:52:02.877,183347.187000,375,INITIAL_VISIBILITY_SWEEP,INITIAL_VISIBILITY_SWEEP,1,0.129569,0.409781,4.465689,-9.0464,-9.0464,1.1000,11.62,,,,,,,
2026-09-06T16:52:03.041,183347.343000,377,INITIAL_VISIBILITY_SWEEP,INITIAL_VISIBILITY_SWEEP,1,-0.098086,0.408671,4.533343,-11.9459,-11.9459,1.1000,11.62,,,,,,,
2026-09-06T16:52:03.214,183347.515000,379,INITIAL_VISIBILITY_SWEEP,INITIAL_VISIBILITY_SWEEP,1,-0.324506,0.423210,4.483757,-14.4614,-14.4614,1.1000,12.34,,,,,,,
2026-09-06T16:52:03.374,183347.687000,381,INITIAL_VISIBILITY_SWEEP,INITIAL_VISIBILITY_SWEEP,1,-0.525023,0.431157,4.460936,-16.7512,-16.7512,1.1000,12.34,,,,,,,
2026-09-06T16:52:03.542,183347.843000,383,INITIAL_VISIBILITY_SWEEP,INITIAL_VISIBILITY_SWEEP,1,-0.643198,0.429757,4.417600,-17.8984,-17.8984,1.1000,12.34,,,,,,,
2026-09-06T16:52:03.721,183348.031000,385,INITIAL_VISIBILITY_SWEEP,INITIAL_VISIBILITY_SWEEP,1,-0.992173,0.434843,4.294118,-22.2487,-22.2487,1.1000,11.73,,,,,,,
2026-09-06T16:52:03.850,183348.156000,387,INITIAL_VISIBILITY_SWEEP,INITIAL_VISIBILITY_SWEEP,1,-1.107965,0.444396,4.233194,-23.9501,-23.9501,1.1000,11.73,,,,,,,
2026-09-06T16:52:03.974,183348.281000,389,INITIAL_VISIBILITY_SWEEP,INITIAL_VISIBILITY_SWEEP,1,-1.257010,0.440028,4.182333,-25.0933,-25.0933,1.1000,11.73,,,,,,,
2026-09-06T16:52:04.115,183348.421000,391,INITIAL_VISIBILITY_SWEEP,INITIAL_VISIBILITY_SWEEP,1,-1.440260,0.438535,4.116768,-27.6484,-27.6484,1.1000,11.73,,,,,,,
2026-09-06T16:52:04.250,183348.562000,393,INITIAL_VISIBILITY_SWEEP,INITIAL_VISIBILITY_SWEEP,1,-1.502014,0.430907,3.944744,-37.9963,-37.9963,1.1000,14.30,,,,,,,
2026-09-06T16:52:04.382,183348.687000,395,INITIAL_VISIBILITY_SWEEP,INITIAL_VISIBILITY_SWEEP,1,-1.666999,0.441924,3.960641,-35.1748,-35.1748,1.1000,14.30,,,,,,,
2026-09-06T16:52:04.516,183348.828000,397,INITIAL_VISIBILITY_SWEEP,INITIAL_VISIBILITY_SWEEP,1,-1.863234,0.444780,4.173186,-36.9277,-36.9277,1.1000,14.30,,,,,,,
2026-09-06T16:52:04.644,183348.953000,398,INITIAL_VISIBILITY_SWEEP,INITIAL_VISIBILITY_SWEEP,1,-1.830829,0.441377,4.086578,-41.8702,-41.8702,1.1000,14.30,,,,,,,
2026-09-06T16:52:04.777,183349.078000,400,INITIAL_VISIBILITY_SWEEP,INITIAL_VISIBILITY_SWEEP,1,-1.671900,0.433621,3.904044,-32.6190,-32.6190,1.1000,13.24,,,,,,,
2026-09-06T16:52:04.903,183349.203000,402,INITIAL_VISIBILITY_SWEEP,INITIAL_VISIBILITY_SWEEP,1,-1.795789,0.452763,4.124320,-36.5252,-36.5252,1.1000,13.24,,,,,,,
2026-09-06T16:52:05.025,183349.328000,404,INITIAL_VISIBILITY_SWEEP,INITIAL_VISIBILITY_SWEEP,1,-1.807767,0.456684,4.166080,-35.3243,-35.3243,1.1000,13.24,,,,,,,
2026-09-06T16:52:05.192,183349.500000,406,INITIAL_VISIBILITY_SWEEP,INITIAL_VISIBILITY_SWEEP,1,-1.754485,0.438658,4.019486,-35.5172,-35.5172,1.1000,13.24,,,,,,,
2026-09-06T16:52:05.320,183349.625000,408,INITIAL_VISIBILITY_SWEEP,INITIAL_VISIBILITY_SWEEP,1,-1.793389,0.451546,4.130165,-36.3376,-36.3376,1.1000,14.88,,,,,,,
2026-09-06T16:52:05.459,183349.765000,410,INITIAL_VISIBILITY_SWEEP,INITIAL_VISIBILITY_SWEEP,1,-1.768957,0.449644,4.088744,-37.7650,-37.7650,1.1000,14.88,,,,,,,
2026-09-06T16:52:05.650,183349.953000,412,INITIAL_VISIBILITY_SWEEP,INITIAL_VISIBILITY_SWEEP,1,-1.786109,0.453899,4.127720,-37.1351,-37.1351,1.1000,14.88,,,,,,,
2026-09-06T16:52:05.779,183350.078000,414,INITIAL_VISIBILITY_SWEEP,INITIAL_VISIBILITY_SWEEP,1,-1.777207,0.448756,4.096714,-37.8334,-37.8334,1.1000,13.18,,,,,,,
2026-09-06T16:52:05.903,183350.203000,416,INITIAL_VISIBILITY_SWEEP,INITIAL_VISIBILITY_SWEEP,1,-1.798893,0.456641,4.147602,-37.1995,-37.1995,1.1000,13.18,,,,,,,
2026-09-06T16:52:06.030,183350.343000,418,INITIAL_VISIBILITY_SWEEP,INITIAL_VISIBILITY_SWEEP,1,-1.795653,0.451541,4.126582,-37.4116,-37.4116,1.1000,13.18,,,,,,,
2026-09-06T16:52:06.150,183350.453000,420,INITIAL_VISIBILITY_SWEEP,INITIAL_VISIBILITY_SWEEP,1,-1.801118,0.455392,4.150164,-37.2640,-37.2640,1.1000,13.18,,,,,,,
2026-09-06T16:52:06.282,183350.593000,422,INITIAL_VISIBILITY_SWEEP,INITIAL_VISIBILITY_SWEEP,1,-1.792259,0.453181,4.129447,-37.0355,-37.0355,1.1000,15.86,,,,,,,
2026-09-06T16:52:06.409,183350.718000,424,INITIAL_VISIBILITY_SWEEP,INITIAL_VISIBILITY_SWEEP,1,-1.788833,0.450740,4.118887,-36.8812,-36.8812,1.1000,15.86,,,,,,,
2026-09-06T16:52:06.524,183350.828000,426,INITIAL_VISIBILITY_SWEEP,INITIAL_VISIBILITY_SWEEP,1,-1.798811,0.456109,4.150914,-36.6405,-36.6405,1.1000,15.86,,,,,,,
2026-09-06T16:52:06.644,183350.953000,427,INITIAL_VISIBILITY_SWEEP,INITIAL_VISIBILITY_SWEEP,1,-1.801602,0.454877,4.145720,-36.0386,-36.0386,1.1000,15.86,,,,,,,
2026-09-06T16:52:06.788,183351.093000,429,INITIAL_VISIBILITY_SWEEP,INITIAL_VISIBILITY_SWEEP,1,-1.800874,0.454838,4.145318,-36.1728,-36.1728,1.1000,13.96,,,,,,,
2026-09-06T16:52:06.905,183351.203000,431,INITIAL_VISIBILITY_SWEEP,INITIAL_VISIBILITY_SWEEP,1,-1.790798,0.452966,4.133132,-36.9939,-36.9939,1.1000,13.96,,,,,,,
2026-09-06T16:52:07.035,183351.343000,433,INITIAL_VISIBILITY_SWEEP,INITIAL_VISIBILITY_SWEEP,1,-1.781877,0.449162,4.103476,-37.0998,-37.0998,1.1000,13.96,,,,,,,
2026-09-06T16:52:07.165,183351.468000,435,INITIAL_VISIBILITY_SWEEP,INITIAL_VISIBILITY_SWEEP,1,-1.789221,0.452696,4.125803,-37.0154,-37.0154,1.1000,13.96,,,,,,,
2026-09-06T16:52:07.285,183351.593000,437,INITIAL_VISIBILITY_SWEEP,INITIAL_VISIBILITY_SWEEP,1,-1.785983,0.450389,4.114572,-37.0582,-37.0582,1.1000,13.96,,,,,,,
2026-09-06T16:52:07.415,183351.718000,439,INITIAL_VISIBILITY_SWEEP,INITIAL_VISIBILITY_SWEEP,1,-1.784285,0.449843,4.105725,-37.4506,-37.4506,1.1000,15.80,,,,,,,
2026-09-06T16:52:07.545,183351.843000,441,INITIAL_VISIBILITY_SWEEP,INITIAL_VISIBILITY_SWEEP,1,-1.798597,0.454020,4.142803,-37.5607,-37.5607,1.1000,15.80,,,,,,,
2026-09-06T16:52:07.645,183351.953000,442,INITIAL_VISIBILITY_SWEEP,INITIAL_VISIBILITY_SWEEP,1,-1.797342,0.453099,4.139530,-37.7039,-37.7039,1.1000,15.80,,,,,,,
2026-09-06T16:52:07.765,183352.078000,444,INITIAL_VISIBILITY_SWEEP,INITIAL_VISIBILITY_SWEEP,1,-1.796163,0.453536,4.134651,-36.8584,-36.8584,1.1000,15.80,,,,,,,
2026-09-06T16:52:07.895,183352.203000,446,INITIAL_VISIBILITY_SWEEP,INITIAL_VISIBILITY_SWEEP,1,-1.807688,0.457018,4.160013,-35.8634,-35.8634,1.1000,14.81,,,,,,,
2026-09-06T16:52:08.025,183352.328000,448,INITIAL_VISIBILITY_SWEEP,INITIAL_VISIBILITY_SWEEP,1,-1.803553,0.454757,4.149144,-35.7211,-35.7211,1.1000,14.81,,,,,,,
2026-09-06T16:52:08.164,183352.468000,450,INITIAL_VISIBILITY_SWEEP,INITIAL_VISIBILITY_SWEEP,1,-1.784341,0.450565,4.110824,-36.2034,-36.2034,1.1000,14.81,,,,,,,
2026-09-06T16:52:08.294,183352.593000,452,INITIAL_VISIBILITY_SWEEP,INITIAL_VISIBILITY_SWEEP,1,-1.792432,0.452377,4.126606,-36.4763,-36.4763,1.1000,14.81,,,,,,,
2026-09-06T16:52:08.416,183352.718000,454,INITIAL_VISIBILITY_SWEEP,INITIAL_VISIBILITY_SWEEP,1,-1.791809,0.453138,4.129254,-37.2885,-37.2885,1.1000,15.37,,,,,,,
2026-09-06T16:52:08.535,183352.843000,456,INITIAL_VISIBILITY_SWEEP,INITIAL_VISIBILITY_SWEEP,1,-1.793235,0.452623,4.124396,-37.0638,-37.0638,1.1000,15.37,,,,,,,
2026-09-06T16:52:08.645,183352.953000,457,INITIAL_VISIBILITY_SWEEP,INITIAL_VISIBILITY_SWEEP,1,-1.798726,0.453492,4.133160,-36.1361,-36.1361,1.1000,15.37,,,,,,,
2026-09-06T16:52:08.786,183353.093000,459,INITIAL_VISIBILITY_SWEEP,INITIAL_VISIBILITY_SWEEP,1,-1.794929,0.453426,4.135946,-35.9854,-35.9854,1.1000,15.37,,,,,,,
2026-09-06T16:52:08.918,183353.218000,461,INITIAL_VISIBILITY_SWEEP,INITIAL_VISIBILITY_SWEEP,1,-1.779111,0.448739,4.094376,-36.3028,-36.3028,1.1000,13.95,,,,,,,
2026-09-06T16:52:09.044,183353.343000,463,INITIAL_VISIBILITY_SWEEP,INITIAL_VISIBILITY_SWEEP,1,-1.777355,0.448520,4.097761,-36.3392,-36.3392,1.1000,13.95,,,,,,,
2026-09-06T16:52:09.165,183353.468000,465,INITIAL_VISIBILITY_SWEEP,INITIAL_VISIBILITY_SWEEP,1,-1.786786,0.451561,4.120429,-36.1498,-36.1498,1.1000,13.95,,,,,,,
2026-09-06T16:52:09.288,183353.593000,467,INITIAL_VISIBILITY_SWEEP,INITIAL_VISIBILITY_SWEEP,1,-1.784257,0.450060,4.107201,-36.6242,-36.6242,1.1000,13.95,,,,,,,
2026-09-06T16:52:09.432,183353.734000,469,INITIAL_VISIBILITY_SWEEP,INITIAL_VISIBILITY_SWEEP,1,-1.772457,0.447172,4.083148,-38.1594,-38.1594,1.1000,15.54,,,,,,,
2026-09-06T16:52:09.560,183353.859000,471,INITIAL_VISIBILITY_SWEEP,INITIAL_VISIBILITY_SWEEP,1,-1.779968,0.449422,4.098011,-38.2993,-38.2993,1.1000,15.54,,,,,,,
2026-09-06T16:52:09.708,183354.015000,473,INITIAL_VISIBILITY_SWEEP,INITIAL_VISIBILITY_SWEEP,1,-1.780131,0.449262,4.101081,-37.6018,-37.6018,1.1000,15.54,,,,,,,
2026-09-06T16:52:09.836,183354.140000,475,INITIAL_VISIBILITY_SWEEP,INITIAL_VISIBILITY_SWEEP,1,-1.775610,0.448973,4.096329,-36.4258,-36.4258,1.1000,15.54,,,,,,,
