t_iso,t_mono,sim_time_s,phase,fsm_state,command,forklift_world_x_m,forklift_world_z_m,forklift_heading_deg,camera_world_x_m,camera_world_z_m,pallet_world_x_m,pallet_world_z_m,pallet_heading_deg,pallet_camera_x_m,pallet_camera_y_m,pallet_camera_z_m,pallet_relative_yaw_deg,pallet_pivot_x_m,pallet_pivot_z_m,pivot_to_pallet_distance_m,fork_tip_world_x_m,fork_tip_world_z_m,fork_tip_pallet_x_m,fork_tip_pallet_z_m,left_outer_tip_pallet_x_m,left_outer_tip_pallet_z_m,right_outer_tip_pallet_x_m,right_outer_tip_pallet_z_m,tip_insertion_depth_m,insertion_remaining_m,collision,minimum_clearance_m
2026-09-07T09:03:57.834+00:00,1000.0,0.0,initial,PRECHECK,STOP,0.0,-0.68,0.0,0.0,0.0,-0.3,2.2,-165.0,-0.3,0.175,2.2,15.0,-0.3,2.8800000000000003,2.895582842883277,0.0,1.1799999999999997,0.5537731738912917,-0.9075986292840937,0.2639954260045712,-0.98524434281485,0.8435509217780122,-0.8299529157533375,0.0,1.9000000000000001,0,
2026-09-07T09:03:57.834+00:00,1000.0,0.0,tick,SEARCH_SWEEP,STOP,0.0,-0.68,0.0,0.0,0.0,-0.3,2.2,-165.0,-0.3,0.175,2.2,15.0,-0.3,2.8800000000000003,2.895582842883277,0.0,1.1799999999999997,0.5537731738912917,-0.9075986292840937,0.2639954260045712,-0.98524434281485,0.8435509217780122,-0.8299529157533375,0.0,1.9000000000000001,0,
2026-09-07T09:03:57.867+00:00,1000.0333333333333,0.03333333333333333,tick,SEARCH_SWEEP,STOP,0.0,-0.68,0.0,0.0,0.0,-0.3,2.2,-165.0,-0.3,0.175,2.2,15.0,-0.3,2.8800000000000003,2.895582842883277,0.0,1.1799999999999997,0.5537731738912917,-0.9075986292840937,0.2639954260045712,-0.98524434281485,0.8435509217780122,-0.8299529157533375,0.0,1.9000000000000001,0,
2026-09-07T09:03:57.901+00:00,1000.0666666666667,0.06666666666666667,tick,SEARCH_SWEEP,STOP,0.0,-0.68,0.0,0.0,0.0,-0.3,2.2,-165.0,-0.3,0.175,2.2,15.0,-0.3,2.8800000000000003,2.895582842883277,0.0,1.1799999999999997,0.5537731738912917,-0.9075986292840937,0.2639954260045712,-0.98524434281485,0.8435509217780122,-0.8299529157533375,0.0,1.9000000000000001,0,
2026-09-07T09:03:57.934+00:00,1000.1,0.1,tick,SEARCH_SWEEP,ROT_RIGHT,0.0,-0.68,0.0,0.0,0.0,-0.3,2.2,-165.0,-0.3,0.175,2.2,15.0,-0.3,2.8800000000000003,2.895582842883277,0.0,1.1799999999999997,0.5537731738912917,-0.9075986292840937,0.2639954260045712,-0.98524434281485,0.8435509217780122,-0.8299529157533375,0.0,1.9000000000000001,0,
2026-09-07T09:03:57.967+00:00,1000.1333333333333,0.13333333333333333,tick,SEARCH_SWEEP,ROT_RIGHT,0.0,-0.68,0.0,0.0,0.0,-0.3,2.2,-165.0,-0.3,0.175,2.2,15.0,-0.3,2.8800000000000003,2.895582842883277,0.0,1.1799999999999997,0.5537731738912917,-0.9075986292840937,0.2639954260045712,-0.98524434281485,0.8435509217780122,-0.8299529157533375,0.0,1.9000000000000001,0,
2026-09-07T09:03:58.001+00:00,1000.1666666666666,0.16666666666666666,tick,SEARCH_SWEEP,ROT_RIGHT,0.0,-0.68,0.0,0.0,0.0,-0.3,2.2,-165.0,-0.3,0.175,2.2,15.0,-0.3,2.8800000000000003,2.895582842883277,0.0,1.1799999999999997,0.5537731738912917,-0.9075986292840937,0.2639954260045712,-0.98524434281485,0.8435509217780122,-0.8299529157533375,0.0,1.9000000000000001,0,
2026-09-07T09:03:58.034+00:00,1000.2,0.19999999999999996,tick,ACQUIRE_VERIFY,STOP,0.0,-0.68,0.0,0.0,0.0,-0.3,2.2,-165.0,-0.3,0.175,2.2,15.0,-0.3,2.8800000000000003,2.895582842883277,0.0,1.1799999999999997,0.5537731738912917,-0.9075986292840937,0.2639954260045712,-0.98524434281485,0.8435509217780122,-0.8299529157533375,0.0,1.9000000000000001,0,
2026-09-07T09:03:58.067+00:00,1000.2333333333333,0.23333333333333328,tick,ACQUIRE_VERIFY,STOP,0.0,-0.68,0.0,0.0,0.0,-0.3,2.2,-165.0,-0.3,0.175,2.2,15.0,-0.3,2.8800000000000003,2.895582842883277,0.0,1.1799999999999997,0.5537731738912917,-0.9075986292840937,0.2639954260045712,-0.98524434281485,0.8435509217780122,-0.8299529157533375,0.0,1.9000000000000001,0,
2026-09-07T09:03:58.101+00:00,1000.2666666666667,0.2666666666666666,tick,ACQUIRE_VERIFY,STOP,0.0,-0.68,0.0,0.0,0.0,-0.3,2.2,-165.0,-0.3,0.175,2.2,15.0,-0.3,2.8800000000000003,2.895582842883277,0.0,1.1799999999999997,0.5537731738912917,-0.9075986292840937,0.2639954260045712,-0.98524434281485,0.8435509217780122,-0.8299529157533375,0.0,1.9000000000000001,0,
2026-09-07T09:03:58.134+00:00,1000.3,0.29999999999999993,tick,ACQUIRE_VERIFY,STOP,0.0,-0.68,0.0,0.0,0.0,-0.3,2.2,-165.0,-0.3,0.175,2.2,15.0,-0.3,2.8800000000000003,2.895582842883277,0.0,1.1799999999999997,0.5537731738912917,-0.9075986292840937,0.2639954260045712,-0.98524434281485,0.8435509217780122,-0.8299529157533375,0.0,1.9000000000000001,0,
2026-09-07T09:03:58.167+00:00,1000.3333333333334,0.33333333333333326,tick,ACQUIRE_VERIFY,STOP,0.0,-0.68,0.0,0.0,0.0,-0.3,2.2,-165.0,-0.3,0.175,2.2,15.0,-0.3,2.8800000000000003,2.895582842883277,0.0,1.1799999999999997,0.5537731738912917,-0.9075986292840937,0.2639954260045712,-0.98524434281485,0.8435509217780122,-0.8299529157533375,0.0,1.9000000000000001,0,
2026-09-07T09:03:58.201+00:00,1000.3666666666667,0.3666666666666666,tick,ACQUIRE_VERIFY,STOP,0.0,-0.68,0.0,0.0,0.0,-0.3,2.2,-165.0,-0.3,0.175,2.2,15.0,-0.3,2.8800000000000003,2.895582842883277,0.0,1.1799999999999997,0.5537731738912917,-0.9075986292840937,0.2639954260045712,-0.98524434281485,0.8435509217780122,-0.8299529157533375,0.0,1.9000000000000001,0,
2026-09-07T09:03:58.234+00:00,1000.4,0.3999999999999999,tick,ACQUIRE_VERIFY,STOP,0.0,-0.68,0.0,0.0,0.0,-0.3,2.2,-165.0,-0.3,0.175,2.2,15.0,-0.3,2.8800000000000003,2.895582842883277,0.0,1.1799999999999997,0.5537731738912917,-0.9075986292840937,0.2639954260045712,-0.98524434281485,0.8435509217780122,-0.8299529157533375,0.0,1.9000000000000001,0,
2026-09-07T09:03:58.267+00:00,1000.4333333333333,0.43333333333333324,tick,ACQUIRE_VERIFY,STOP,0.0,-0.68,0.0,0.0,0.0,-0.3,2.2,-165.0,-0.3,0.175,2.2,15.0,-0.3,2.8800000000000003,2.895582842883277,0.0,1.1799999999999997,0.5537731738912917,-0.9075986292840937,0.2639954260045712,-0.98524434281485,0.8435509217780122,-0.8299529157533375,0.0,1.9000000000000001,0,
2026-09-07T09:03:58.301+00:00,1000.4666666666667,0.46666666666666656,tick,ACQUIRE_VERIFY,STOP,0.0,-0.68,0.0,0.0,0.0,-0.3,2.2,-165.0,-0.3,0.175,2.2,15.0,-0.3,2.8800000000000003,2.895582842883277,0.0,1.1799999999999997,0.5537731738912917,-0.9075986292840937,0.2639954260045712,-0.98524434281485,0.8435509217780122,-0.8299529157533375,0.0,1.9000000000000001,0,
2026-09-07T09:03:58.334+00:00,1000.5,0.4999999999999999,tick,ACQUIRE_VERIFY,STOP,0.0,-0.68,0.0,0.0,0.0,-0.3,2.2,-165.0,-0.3,0.175,2.2,15.0,-0.3,2.8800000000000003,2.895582842883277,0.0,1.1799999999999997,0.5537731738912917,-0.9075986292840937,0.2639954260045712,-0.98524434281485,0.8435509217780122,-0.8299529157533375,0.0,1.9000000000000001,0,
2026-09-07T09:03:58.367+00:00,1000.5333333333333,0.5333333333333332,tick,ACQUIRE_VERIFY,STOP,0.0,-0.68,0.0,0.0,0.0,-0.3,2.2,-165.0,-0.3,0.175,2.2,15.0,-0.3,2.8800000000000003,2.895582842883277,0.0,1.1799999999999997,0.5537731738912917,-0.9075986292840937,0.2639954260045712,-0.98524434281485,0.8435509217780122,-0.8299529157533375,0.0,1.9000000000000001,0,
2026-09-07T09:03:58.401+00:00,1000.5666666666667,0.5666666666666665,tick,ACQUIRE_VERIFY,STOP,0.0,-0.68,0.0,0.0,0.0,-0.3,2.2,-165.0,-0.3,0.175,2.2,15.0,-0.3,2.8800000000000003,2.895582842883277,0.0,1.1799999999999997,0.5537731738912917,-0.9075986292840937,0.2639954260045712,-0.98524434281485,0.8435509217780122,-0.8299529157533375,0.0,1.9000000000000001,0,
2026-09-07T09:03:58.434+00:00,1000.6,0.5999999999999999,tick,ACQUIRE_VERIFY,STOP,0.0,-0.68,0.0,0.0,0.0,-0.3,2.2,-165.0,-0.3,0.175,2.2,15.0,-0.3,2.8800000000000003,2.895582842883277,0.0,1.1799999999999997,0.5537731738912917,-0.9075986292840937,0.2639954260045712,-0.98524434281485,0.8435509217780122,-0.8299529157533375,0.0,1.9000000000000001,0,
2026-09-07T09:03:58.467+00:00,1000.6333333333333,0.6333333333333332,tick,ACQUIRE_VERIFY,STOP,0.0,-0.68,0.0,0.0,0.0,-0.3,2.2,-165.0,-0.3,0.175,2.2,15.0,-0.3,2.8800000000000003,2.895582842883277,0.0,1.1799999999999997,0.5537731738912917,-0.9075986292840937,0.2639954260045712,-0.98524434281485,0.8435509217780122,-0.8299529157533375,0.0,1.9000000000000001,0,
2026-09-07T09:03:58.501+00:00,1000.6666666666666,0.6666666666666665,tick,ACQUIRE_VERIFY,STOP,0.0,-0.68,0.0,0.0,0.0,-0.3,2.2,-165.0,-0.3,0.175,2.2,15.0,-0.3,2.8800000000000003,2.895582842883277,0.0,1.1799999999999997,0.5537731738912917,-0.9075986292840937,0.2639954260045712,-0.98524434281485,0.8435509217780122,-0.8299529157533375,0.0,1.9000000000000001,0,
2026-09-07T09:03:58.534+00:00,1000.7,0.6999999999999998,tick,ACQUIRE_VERIFY,STOP,0.0,-0.68,0.0,0.0,0.0,-0.3,2.2,-165.0,-0.3,0.175,2.2,15.0,-0.3,2.8800000000000003,2.895582842883277,0.0,1.1799999999999997,0.5537731738912917,-0.9075986292840937,0.2639954260045712,-0.98524434281485,0.8435509217780122,-0.8299529157533375,0.0,1.9000000000000001,0,
2026-09-07T09:03:58.567+00:00,1000.7333333333333,0.7333333333333332,tick,ACQUIRE_VERIFY,STOP,0.0,-0.68,0.0,0.0,0.0,-0.3,2.2,-165.0,-0.3,0.175,2.2,15.0,-0.3,2.8800000000000003,2.895582842883277,0.0,1.1799999999999997,0.5537731738912917,-0.9075986292840937,0.2639954260045712,-0.98524434281485,0.8435509217780122,-0.8299529157533375,0.0,1.9000000000000001,0,
2026-09-07T09:03:58.601+00:00,1000.7666666666667,0.7666666666666665,tick,ACQUIRE_VERIFY,STOP,0.0,-0.68,0.0,0.0,0.0,-0.3,2.2,-165.0,-0.3,0.175,2.2,15.0,-0.3,2.8800000000000003,2.895582842883277,0.0,1.1799999999999997,0.5537731738912917,-0.9075986292840937,0.2639954260045712,-0.98524434281485,0.8435509217780122,-0.8299529157533375,0.0,1.9000000000000001,0,
2026-09-07T09:03:58.634+00:00,1000.8,0.7999999999999998,tick,ACQUIRE_VERIFY,STOP,0.0,-0.68,0.0,0.0,0.0,-0.3,2.2,-165.0,-0.3,0.175,2.2,15.0,-0.3,2.8800000000000003,2.895582842883277,0.0,1.1799999999999997,0.5537731738912917,-0.9075986292840937,0.2639954260045712,-0.98524434281485,0.8435509217780122,-0.8299529157533375,0.0,1.9000000000000001,0,
2026-09-07T09:03:58.667+00:00,1000.8333333333334,0.8333333333333331,tick,ACQUIRE_VERIFY,STOP,0.0,-0.68,0.0,0.0,0.0,-0.3,2.2,-165.0,-0.3,0.175,2.2,15.0,-0.3,2.8800000000000003,2.895582842883277,0.0,1.1799999999999997,0.5537731738912917,-0.9075986292840937,0.2639954260045712,-0.98524434281485,0.8435509217780122,-0.8299529157533375,0.0,1.9000000000000001,0,
2026-09-07T09:03:58.701+00:00,1000.8666666666667,0.8666666666666665,tick,ACQUIRE_VERIFY,STOP,0.0,-0.68,0.0,0.0,0.0,-0.3,2.2,-165.0,-0.3,0.175,2.2,15.0,-0.3,2.8800000000000003,2.895582842883277,0.0,1.1799999999999997,0.5537731738912917,-0.9075986292840937,0.2639954260045712,-0.98524434281485,0.8435509217780122,-0.8299529157533375,0.0,1.9000000000000001,0,
2026-09-07T09:03:58.734+00:00,1000.9,0.8999999999999998,tick,ACQUIRE_VERIFY,STOP,0.0,-0.68,0.0,0.0,0.0,-0.3,2.2,-165.0,-0.3,0.175,2.2,15.0,-0.3,2.8800000000000003,2.895582842883277,0.0,1.1799999999999997,0.5537731738912917,-0.9075986292840937,0.2639954260045712,-0.98524434281485,0.8435509217780122,-0.8299529157533375,0.0,1.9000000000000001,0,
2026-09-07T09:03:58.767+00:00,1000.9333333333333,0.9333333333333331,tick,ACQUIRE_VERIFY,STOP,0.0,-0.68,0.0,0.0,0.0,-0.3,2.2,-165.0,-0.3,0.175,2.2,15.0,-0.3,2.8800000000000003,2.895582842883277,0.0,1.1799999999999997,0.5537731738912917,-0.9075986292840937,0.2639954260045712,-0.98524434281485,0.8435509217780122,-0.8299529157533375,0.0,1.9000000000000001,0,
2026-09-07T09:03:58.801+00:00,1000.9666666666667,0.9666666666666665,tick,ACQUIRE_VERIFY,STOP,0.0,-0.68,0.0,0.0,0.0,-0.3,2.2,-165.0,-0.3,0.175,2.2,15.0,-0.3,2.8800000000000003,2.895582842883277,0.0,1.1799999999999997,0.5537731738912917,-0.9075986292840937,0.2639954260045712,-0.98524434281485,0.8435509217780122,-0.8299529157533375,0.0,1.9000000000000001,0,
2026-09-07T09:03:58.834+00:00,1001.0,0.9999999999999998,tick,ACQUIRE_VERIFY,STOP,0.0,-0.68,0.0,0.0,0.0,-0.3,2.2,-165.0,-0.3,0.175,2.2,15.0,-0.3,2.8800000000000003,2.895582842883277,0.0,1.1799999999999997,0.5537731738912917,-0.9075986292840937,0.2639954260045712,-0.98524434281485,0.8435509217780122,-0.8299529157533375,0.0,1.9000000000000001,0,
2026-09-07T09:03:58.867+00:00,1001.0333333333333,1.0333333333333332,tick,ACQUIRE_VERIFY,STOP,0.0,-0.68,0.0,0.0,0.0,-0.3,2.2,-165.0,-0.3,0.175,2.2,15.0,-0.3,2.8800000000000003,2.895582842883277,0.0,1.1799999999999997,0.5537731738912917,-0.9075986292840937,0.2639954260045712,-0.98524434281485,0.8435509217780122,-0.8299529157533375,0.0,1.9000000000000001,0,
2026-09-07T09:03:58.901+00:00,1001.0666666666667,1.0666666666666667,tick,ACQUIRE_VERIFY,STOP,0.0,-0.68,0.0,0.0,0.0,-0.3,2.2,-165.0,-0.3,0.175,2.2,15.0,-0.3,2.8800000000000003,2.895582842883277,0.0,1.1799999999999997,0.5537731738912917,-0.9075986292840937,0.2639954260045712,-0.98524434281485,0.8435509217780122,-0.8299529157533375,0.0,1.9000000000000001,0,
2026-09-07T09:03:58.934+00:00,1001.1,1.0999999999999999,tick,ACQUIRE_VERIFY,STOP,0.0,-0.68,0.0,0.0,0.0,-0.3,2.2,-165.0,-0.3,0.175,2.2,15.0,-0.3,2.8800000000000003,2.895582842883277,0.0,1.1799999999999997,0.5537731738912917,-0.9075986292840937,0.2639954260045712,-0.98524434281485,0.8435509217780122,-0.8299529157533375,0.0,1.9000000000000001,0,
2026-09-07T09:03:58.967+00:00,1001.1333333333333,1.1333333333333333,tick,ACQUIRE_VERIFY,STOP,0.0,-0.68,0.0,0.0,0.0,-0.3,2.2,-165.0,-0.3,0.175,2.2,15.0,-0.3,2.8800000000000003,2.895582842883277,0.0,1.1799999999999997,0.5537731738912917,-0.9075986292840937,0.2639954260045712,-0.98524434281485,0.8435509217780122,-0.8299529157533375,0.0,1.9000000000000001,0,
2026-09-07T09:03:59.001+00:00,1001.1666666666666,1.1666666666666667,tick,ACQUIRE_VERIFY,STOP,0.0,-0.68,0.0,0.0,0.0,-0.3,2.2,-165.0,-0.3,0.175,2.2,15.0,-0.3,2.8800000000000003,2.895582842883277,0.0,1.1799999999999997,0.5537731738912917,-0.9075986292840937,0.2639954260045712,-0.98524434281485,0.8435509217780122,-0.8299529157533375,0.0,1.9000000000000001,0,
2026-09-07T09:03:59.034+00:00,1001.2,1.199999999999998,tick,ACQUIRE_VERIFY,STOP,0.0,-0.68,0.0,0.0,0.0,-0.3,2.2,-165.0,-0.3,0.175,2.2,15.0,-0.3,2.8800000000000003,2.895582842883277,0.0,1.1799999999999997,0.5537731738912917,-0.9075986292840937,0.2639954260045712,-0.98524434281485,0.8435509217780122,-0.8299529157533375,0.0,1.9000000000000001,0,
2026-09-07T09:03:59.067+00:00,1001.2333333333333,1.2333333333333314,tick,ACQUIRE_VERIFY,STOP,0.0,-0.68,0.0,0.0,0.0,-0.3,2.2,-165.0,-0.3,0.175,2.2,15.0,-0.3,2.8800000000000003,2.895582842883277,0.0,1.1799999999999997,0.5537731738912917,-0.9075986292840937,0.2639954260045712,-0.98524434281485,0.8435509217780122,-0.8299529157533375,0.0,1.9000000000000001,0,
2026-09-07T09:03:59.101+00:00,1001.2666666666667,1.2666666666666648,tick,ACQUIRE_VERIFY,STOP,0.0,-0.68,0.0,0.0,0.0,-0.3,2.2,-165.0,-0.3,0.175,2.2,15.0,-0.3,2.8800000000000003,2.895582842883277,0.0,1.1799999999999997,0.5537731738912917,-0.9075986292840937,0.2639954260045712,-0.98524434281485,0.8435509217780122,-0.8299529157533375,0.0,1.9000000000000001,0,
2026-09-07T09:03:59.134+00:00,1001.3,1.2999999999999958,tick,ACQUIRE_VERIFY,STOP,0.0,-0.68,0.0,0.0,0.0,-0.3,2.2,-165.0,-0.3,0.175,2.2,15.0,-0.3,2.8800000000000003,2.895582842883277,0.0,1.1799999999999997,0.5537731738912917,-0.9075986292840937,0.2639954260045712,-0.98524434281485,0.8435509217780122,-0.8299529157533375,0.0,1.9000000000000001,0,
2026-09-07T09:03:59.167+00:00,1001.3333333333334,1.3333333333333293,tick,ACQUIRE_VERIFY,STOP,0.0,-0.68,0.0,0.0,0.0,-0.3,2.2,-165.0,-0.3,0.175,2.2,15.0,-0.3,2.8800000000000003,2.895582842883277,0.0,1.1799999999999997,0.5537731738912917,-0.9075986292840937,0.2639954260045712,-0.98524434281485,0.8435509217780122,-0.8299529157533375,0.0,1.9000000000000001,0,
2026-09-07T09:03:59.201+00:00,1001.3666666666667,1.3666666666666627,tick,ACQUIRE_VERIFY,STOP,0.0,-0.68,0.0,0.0,0.0,-0.3,2.2,-165.0,-0.3,0.175,2.2,15.0,-0.3,2.8800000000000003,2.895582842883277,0.0,1.1799999999999997,0.5537731738912917,-0.9075986292840937,0.2639954260045712,-0.98524434281485,0.8435509217780122,-0.8299529157533375,0.0,1.9000000000000001,0,
2026-09-07T09:03:59.234+00:00,1001.4,1.3999999999999937,tick,ACQUIRE_VERIFY,STOP,0.0,-0.68,0.0,0.0,0.0,-0.3,2.2,-165.0,-0.3,0.175,2.2,15.0,-0.3,2.8800000000000003,2.895582842883277,0.0,1.1799999999999997,0.5537731738912917,-0.9075986292840937,0.2639954260045712,-0.98524434281485,0.8435509217780122,-0.8299529157533375,0.0,1.9000000000000001,0,
2026-09-07T09:03:59.267+00:00,1001.4333333333333,1.4333333333333271,tick,ACQUIRE_VERIFY,STOP,0.0,-0.68,0.0,0.0,0.0,-0.3,2.2,-165.0,-0.3,0.175,2.2,15.0,-0.3,2.8800000000000003,2.895582842883277,0.0,1.1799999999999997,0.5537731738912917,-0.9075986292840937,0.2639954260045712,-0.98524434281485,0.8435509217780122,-0.8299529157533375,0.0,1.9000000000000001,0,
2026-09-07T09:03:59.301+00:00,1001.4666666666667,1.4666666666666606,tick,ACQUIRE_VERIFY,STOP,0.0,-0.68,0.0,0.0,0.0,-0.3,2.2,-165.0,-0.3,0.175,2.2,15.0,-0.3,2.8800000000000003,2.895582842883277,0.0,1.1799999999999997,0.5537731738912917,-0.9075986292840937,0.2639954260045712,-0.98524434281485,0.8435509217780122,-0.8299529157533375,0.0,1.9000000000000001,0,
2026-09-07T09:03:59.334+00:00,1001.5,1.4999999999999916,tick,ACQUIRE_VERIFY,STOP,0.0,-0.68,0.0,0.0,0.0,-0.3,2.2,-165.0,-0.3,0.175,2.2,15.0,-0.3,2.8800000000000003,2.895582842883277,0.0,1.1799999999999997,0.5537731738912917,-0.9075986292840937,0.2639954260045712,-0.98524434281485,0.8435509217780122,-0.8299529157533375,0.0,1.9000000000000001,0,
2026-09-07T09:03:59.367+00:00,1001.5333333333333,1.533333333333325,tick,ACQUIRE_VERIFY,STOP,0.0,-0.68,0.0,0.0,0.0,-0.3,2.2,-165.0,-0.3,0.175,2.2,15.0,-0.3,2.8800000000000003,2.895582842883277,0.0,1.1799999999999997,0.5537731738912917,-0.9075986292840937,0.2639954260045712,-0.98524434281485,0.8435509217780122,-0.8299529157533375,0.0,1.9000000000000001,0,
2026-09-07T09:03:59.401+00:00,1001.5666666666666,1.5666666666666584,tick,ACQUIRE_VERIFY,STOP,0.0,-0.68,0.0,0.0,0.0,-0.3,2.2,-165.0,-0.3,0.175,2.2,15.0,-0.3,2.8800000000000003,2.895582842883277,0.0,1.1799999999999997,0.5537731738912917,-0.9075986292840937,0.2639954260045712,-0.98524434281485,0.8435509217780122,-0.8299529157533375,0.0,1.9000000000000001,0,
2026-09-07T09:03:59.434+00:00,1001.6,1.5999999999999894,tick,ACQUIRE_VERIFY,STOP,0.0,-0.68,0.0,0.0,0.0,-0.3,2.2,-165.0,-0.3,0.175,2.2,15.0,-0.3,2.8800000000000003,2.895582842883277,0.0,1.1799999999999997,0.5537731738912917,-0.9075986292840937,0.2639954260045712,-0.98524434281485,0.8435509217780122,-0.8299529157533375,0.0,1.9000000000000001,0,
2026-09-07T09:03:59.467+00:00,1001.6333333333333,1.6333333333333229,tick,ACQUIRE_VERIFY,STOP,0.0,-0.68,0.0,0.0,0.0,-0.3,2.2,-165.0,-0.3,0.175,2.2,15.0,-0.3,2.8800000000000003,2.895582842883277,0.0,1.1799999999999997,0.5537731738912917,-0.9075986292840937,0.2639954260045712,-0.98524434281485,0.8435509217780122,-0.8299529157533375,0.0,1.9000000000000001,0,
2026-09-07T09:03:59.501+00:00,1001.6666666666666,1.6666666666666563,tick,ACQUIRE_VERIFY,STOP,0.0,-0.68,0.0,0.0,0.0,-0.3,2.2,-165.0,-0.3,0.175,2.2,15.0,-0.3,2.8800000000000003,2.895582842883277,0.0,1.1799999999999997,0.5537731738912917,-0.9075986292840937,0.2639954260045712,-0.98524434281485,0.8435509217780122,-0.8299529157533375,0.0,1.9000000000000001,0,
2026-09-07T09:03:59.534+00:00,1001.6999999999999,1.6999999999999873,tick,ACQUIRE_VERIFY,STOP,0.0,-0.68,0.0,0.0,0.0,-0.3,2.2,-165.0,-0.3,0.175,2.2,15.0,-0.3,2.8800000000000003,2.895582842883277,0.0,1.1799999999999997,0.5537731738912917,-0.9075986292840937,0.2639954260045712,-0.98524434281485,0.8435509217780122,-0.8299529157533375,0.0,1.9000000000000001,0,
2026-09-07T09:03:59.567+00:00,1001.7333333333333,1.7333333333333207,tick,ACQUIRE_VERIFY,STOP,0.0,-0.68,0.0,0.0,0.0,-0.3,2.2,-165.0,-0.3,0.175,2.2,15.0,-0.3,2.8800000000000003,2.895582842883277,0.0,1.1799999999999997,0.5537731738912917,-0.9075986292840937,0.2639954260045712,-0.98524434281485,0.8435509217780122,-0.8299529157533375,0.0,1.9000000000000001,0,
2026-09-07T09:03:59.601+00:00,1001.7666666666667,1.7666666666666542,tick,ACQUIRE_VERIFY,STOP,0.0,-0.68,0.0,0.0,0.0,-0.3,2.2,-165.0,-0.3,0.175,2.2,15.0,-0.3,2.8800000000000003,2.895582842883277,0.0,1.1799999999999997,0.5537731738912917,-0.9075986292840937,0.2639954260045712,-0.98524434281485,0.8435509217780122,-0.8299529157533375,0.0,1.9000000000000001,0,
2026-09-07T09:03:59.634+00:00,1001.8,1.7999999999999852,tick,ACQUIRE_VERIFY,STOP,0.0,-0.68,0.0,0.0,0.0,-0.3,2.2,-165.0,-0.3,0.175,2.2,15.0,-0.3,2.8800000000000003,2.895582842883277,0.0,1.1799999999999997,0.5537731738912917,-0.9075986292840937,0.2639954260045712,-0.98524434281485,0.8435509217780122,-0.8299529157533375,0.0,1.9000000000000001,0,
2026-09-07T09:03:59.667+00:00,1001.8333333333334,1.8333333333333186,tick,ACQUIRE_VERIFY,STOP,0.0,-0.68,0.0,0.0,0.0,-0.3,2.2,-165.0,-0.3,0.175,2.2,15.0,-0.3,2.8800000000000003,2.895582842883277,0.0,1.1799999999999997,0.5537731738912917,-0.9075986292840937,0.2639954260045712,-0.98524434281485,0.8435509217780122,-0.8299529157533375,0.0,1.9000000000000001,0,
2026-09-07T09:03:59.701+00:00,1001.8666666666667,1.866666666666652,tick,ACQUIRE_VERIFY,STOP,0.0,-0.68,0.0,0.0,0.0,-0.3,2.2,-165.0,-0.3,0.175,2.2,15.0,-0.3,2.8800000000000003,2.895582842883277,0.0,1.1799999999999997,0.5537731738912917,-0.9075986292840937,0.2639954260045712,-0.98524434281485,0.8435509217780122,-0.8299529157533375,0.0,1.9000000000000001,0,
2026-09-07T09:03:59.734+00:00,1001.9,1.899999999999983,tick,ACQUIRE_VERIFY,STOP,0.0,-0.68,0.0,0.0,0.0,-0.3,2.2,-165.0,-0.3,0.175,2.2,15.0,-0.3,2.8800000000000003,2.895582842883277,0.0,1.1799999999999997,0.5537731738912917,-0.9075986292840937,0.2639954260045712,-0.98524434281485,0.8435509217780122,-0.8299529157533375,0.0,1.9000000000000001,0,
2026-09-07T09:03:59.767+00:00,1001.9333333333333,1.9333333333333165,tick,ACQUIRE_VERIFY,STOP,0.0,-0.68,0.0,0.0,0.0,-0.3,2.2,-165.0,-0.3,0.175,2.2,15.0,-0.3,2.8800000000000003,2.895582842883277,0.0,1.1799999999999997,0.5537731738912917,-0.9075986292840937,0.2639954260045712,-0.98524434281485,0.8435509217780122,-0.8299529157533375,0.0,1.9000000000000001,0,
2026-09-07T09:03:59.801+00:00,1001.9666666666667,1.96666666666665,tick,ACQUIRE_VERIFY,STOP,0.0,-0.68,0.0,0.0,0.0,-0.3,2.2,-165.0,-0.3,0.175,2.2,15.0,-0.3,2.8800000000000003,2.895582842883277,0.0,1.1799999999999997,0.5537731738912917,-0.9075986292840937,0.2639954260045712,-0.98524434281485,0.8435509217780122,-0.8299529157533375,0.0,1.9000000000000001,0,
2026-09-07T09:03:59.834+00:00,1002.0,1.999999999999981,tick,ACQUIRE_VERIFY,STOP,0.0,-0.68,0.0,0.0,0.0,-0.3,2.2,-165.0,-0.3,0.175,2.2,15.0,-0.3,2.8800000000000003,2.895582842883277,0.0,1.1799999999999997,0.5537731738912917,-0.9075986292840937,0.2639954260045712,-0.98524434281485,0.8435509217780122,-0.8299529157533375,0.0,1.9000000000000001,0,
2026-09-07T09:03:59.867+00:00,1002.0333333333333,2.033333333333314,tick,ACQUIRE_VERIFY,STOP,0.0,-0.68,0.0,0.0,0.0,-0.3,2.2,-165.0,-0.3,0.175,2.2,15.0,-0.3,2.8800000000000003,2.895582842883277,0.0,1.1799999999999997,0.5537731738912917,-0.9075986292840937,0.2639954260045712,-0.98524434281485,0.8435509217780122,-0.8299529157533375,0.0,1.9000000000000001,0,
2026-09-07T09:03:59.901+00:00,1002.0666666666666,2.0666666666666473,tick,ACQUIRE_VERIFY,STOP,0.0,-0.68,0.0,0.0,0.0,-0.3,2.2,-165.0,-0.3,0.175,2.2,15.0,-0.3,2.8800000000000003,2.895582842883277,0.0,1.1799999999999997,0.5537731738912917,-0.9075986292840937,0.2639954260045712,-0.98524434281485,0.8435509217780122,-0.8299529157533375,0.0,1.9000000000000001,0,
2026-09-07T09:03:59.934+00:00,1002.1,2.0999999999999788,tick,ACQUIRE_VERIFY,STOP,0.0,-0.68,0.0,0.0,0.0,-0.3,2.2,-165.0,-0.3,0.175,2.2,15.0,-0.3,2.8800000000000003,2.895582842883277,0.0,1.1799999999999997,0.5537731738912917,-0.9075986292840937,0.2639954260045712,-0.98524434281485,0.8435509217780122,-0.8299529157533375,0.0,1.9000000000000001,0,
2026-09-07T09:03:59.967+00:00,1002.1333333333333,2.133333333333312,tick,ACQUIRE_VERIFY,STOP,0.0,-0.68,0.0,0.0,0.0,-0.3,2.2,-165.0,-0.3,0.175,2.2,15.0,-0.3,2.8800000000000003,2.895582842883277,0.0,1.1799999999999997,0.5537731738912917,-0.9075986292840937,0.2639954260045712,-0.98524434281485,0.8435509217780122,-0.8299529157533375,0.0,1.9000000000000001,0,
2026-09-07T09:04:00.001+00:00,1002.1666666666666,2.166666666666645,tick,ACQUIRE_VERIFY,STOP,0.0,-0.68,0.0,0.0,0.0,-0.3,2.2,-165.0,-0.3,0.175,2.2,15.0,-0.3,2.8800000000000003,2.895582842883277,0.0,1.1799999999999997,0.5537731738912917,-0.9075986292840937,0.2639954260045712,-0.98524434281485,0.8435509217780122,-0.8299529157533375,0.0,1.9000000000000001,0,
2026-09-07T09:04:00.034+00:00,1002.1999999999999,2.1999999999999766,tick,ACQUIRE_VERIFY,STOP,0.0,-0.68,0.0,0.0,0.0,-0.3,2.2,-165.0,-0.3,0.175,2.2,15.0,-0.3,2.8800000000000003,2.895582842883277,0.0,1.1799999999999997,0.5537731738912917,-0.9075986292840937,0.2639954260045712,-0.98524434281485,0.8435509217780122,-0.8299529157533375,0.0,1.9000000000000001,0,
2026-09-07T09:04:00.067+00:00,1002.2333333333333,2.23333333333331,tick,ACQUIRE_VERIFY,STOP,0.0,-0.68,0.0,0.0,0.0,-0.3,2.2,-165.0,-0.3,0.175,2.2,15.0,-0.3,2.8800000000000003,2.895582842883277,0.0,1.1799999999999997,0.5537731738912917,-0.9075986292840937,0.2639954260045712,-0.98524434281485,0.8435509217780122,-0.8299529157533375,0.0,1.9000000000000001,0,
2026-09-07T09:04:00.101+00:00,1002.2666666666667,2.266666666666643,tick,ACQUIRE_VERIFY,STOP,0.0,-0.68,0.0,0.0,0.0,-0.3,2.2,-165.0,-0.3,0.175,2.2,15.0,-0.3,2.8800000000000003,2.895582842883277,0.0,1.1799999999999997,0.5537731738912917,-0.9075986292840937,0.2639954260045712,-0.98524434281485,0.8435509217780122,-0.8299529157533375,0.0,1.9000000000000001,0,
2026-09-07T09:04:00.134+00:00,1002.3,2.2999999999999745,tick,ACQUIRE_VERIFY,STOP,0.0,-0.68,0.0,0.0,0.0,-0.3,2.2,-165.0,-0.3,0.175,2.2,15.0,-0.3,2.8800000000000003,2.895582842883277,0.0,1.1799999999999997,0.5537731738912917,-0.9075986292840937,0.2639954260045712,-0.98524434281485,0.8435509217780122,-0.8299529157533375,0.0,1.9000000000000001,0,
2026-09-07T09:04:00.167+00:00,1002.3333333333333,2.3333333333333077,tick,ACQUIRE_VERIFY,STOP,0.0,-0.68,0.0,0.0,0.0,-0.3,2.2,-165.0,-0.3,0.175,2.2,15.0,-0.3,2.8800000000000003,2.895582842883277,0.0,1.1799999999999997,0.5537731738912917,-0.9075986292840937,0.2639954260045712,-0.98524434281485,0.8435509217780122,-0.8299529157533375,0.0,1.9000000000000001,0,
2026-09-07T09:04:00.201+00:00,1002.3666666666667,2.366666666666641,tick,ACQUIRE_VERIFY,STOP,0.0,-0.68,0.0,0.0,0.0,-0.3,2.2,-165.0,-0.3,0.175,2.2,15.0,-0.3,2.8800000000000003,2.895582842883277,0.0,1.1799999999999997,0.5537731738912917,-0.9075986292840937,0.2639954260045712,-0.98524434281485,0.8435509217780122,-0.8299529157533375,0.0,1.9000000000000001,0,
2026-09-07T09:04:00.234+00:00,1002.4,2.3999999999999724,tick,ACQUIRE_VERIFY,STOP,0.0,-0.68,0.0,0.0,0.0,-0.3,2.2,-165.0,-0.3,0.175,2.2,15.0,-0.3,2.8800000000000003,2.895582842883277,0.0,1.1799999999999997,0.5537731738912917,-0.9075986292840937,0.2639954260045712,-0.98524434281485,0.8435509217780122,-0.8299529157533375,0.0,1.9000000000000001,0,
2026-09-07T09:04:00.267+00:00,1002.4333333333333,2.4333333333333056,tick,ACQUIRE_VERIFY,STOP,0.0,-0.68,0.0,0.0,0.0,-0.3,2.2,-165.0,-0.3,0.175,2.2,15.0,-0.3,2.8800000000000003,2.895582842883277,0.0,1.1799999999999997,0.5537731738912917,-0.9075986292840937,0.2639954260045712,-0.98524434281485,0.8435509217780122,-0.8299529157533375,0.0,1.9000000000000001,0,
2026-09-07T09:04:00.301+00:00,1002.4666666666666,2.466666666666639,tick,ACQUIRE_VERIFY,STOP,0.0,-0.68,0.0,0.0,0.0,-0.3,2.2,-165.0,-0.3,0.175,2.2,15.0,-0.3,2.8800000000000003,2.895582842883277,0.0,1.1799999999999997,0.5537731738912917,-0.9075986292840937,0.2639954260045712,-0.98524434281485,0.8435509217780122,-0.8299529157533375,0.0,1.9000000000000001,0,
2026-09-07T09:04:00.334+00:00,1002.5,2.4999999999999702,tick,ACQUIRE_VERIFY,STOP,0.0,-0.68,0.0,0.0,0.0,-0.3,2.2,-165.0,-0.3,0.175,2.2,15.0,-0.3,2.8800000000000003,2.895582842883277,0.0,1.1799999999999997,0.5537731738912917,-0.9075986292840937,0.2639954260045712,-0.98524434281485,0.8435509217780122,-0.8299529157533375,0.0,1.9000000000000001,0,
2026-09-07T09:04:00.367+00:00,1002.5333333333333,2.5333333333333035,tick,ACQUIRE_VERIFY,STOP,0.0,-0.68,0.0,0.0,0.0,-0.3,2.2,-165.0,-0.3,0.175,2.2,15.0,-0.3,2.8800000000000003,2.895582842883277,0.0,1.1799999999999997,0.5537731738912917,-0.9075986292840937,0.2639954260045712,-0.98524434281485,0.8435509217780122,-0.8299529157533375,0.0,1.9000000000000001,0,
2026-09-07T09:04:00.401+00:00,1002.5666666666666,2.5666666666666367,tick,ACQUIRE_VERIFY,STOP,0.0,-0.68,0.0,0.0,0.0,-0.3,2.2,-165.0,-0.3,0.175,2.2,15.0,-0.3,2.8800000000000003,2.895582842883277,0.0,1.1799999999999997,0.5537731738912917,-0.9075986292840937,0.2639954260045712,-0.98524434281485,0.8435509217780122,-0.8299529157533375,0.0,1.9000000000000001,0,
2026-09-07T09:04:00.434+00:00,1002.6,2.599999999999968,tick,ACQUIRE_VERIFY,STOP,0.0,-0.68,0.0,0.0,0.0,-0.3,2.2,-165.0,-0.3,0.175,2.2,15.0,-0.3,2.8800000000000003,2.895582842883277,0.0,1.1799999999999997,0.5537731738912917,-0.9075986292840937,0.2639954260045712,-0.98524434281485,0.8435509217780122,-0.8299529157533375,0.0,1.9000000000000001,0,
2026-09-07T09:04:00.467+00:00,1002.6333333333333,2.6333333333333013,tick,ACQUIRE_VERIFY,STOP,0.0,-0.68,0.0,0.0,0.0,-0.3,2.2,-165.0,-0.3,0.175,2.2,15.0,-0.3,2.8800000000000003,2.895582842883277,0.0,1.1799999999999997,0.5537731738912917,-0.9075986292840937,0.2639954260045712,-0.98524434281485,0.8435509217780122,-0.8299529157533375,0.0,1.9000000000000001,0,
2026-09-07T09:04:00.501+00:00,1002.6666666666666,2.6666666666666345,tick,ACQUIRE_VERIFY,STOP,0.0,-0.68,0.0,0.0,0.0,-0.3,2.2,-165.0,-0.3,0.175,2.2,15.0,-0.3,2.8800000000000003,2.895582842883277,0.0,1.1799999999999997,0.5537731738912917,-0.9075986292840937,0.2639954260045712,-0.98524434281485,0.8435509217780122,-0.8299529157533375,0.0,1.9000000000000001,0,
2026-09-07T09:04:00.534+00:00,1002.6999999999999,2.699999999999966,tick,ACQUIRE_VERIFY,STOP,0.0,-0.68,0.0,0.0,0.0,-0.3,2.2,-165.0,-0.3,0.175,2.2,15.0,-0.3,2.8800000000000003,2.895582842883277,0.0,1.1799999999999997,0.5537731738912917,-0.9075986292840937,0.2639954260045712,-0.98524434281485,0.8435509217780122,-0.8299529157533375,0.0,1.9000000000000001,0,
2026-09-07T09:04:00.567+00:00,1002.7333333333333,2.733333333333299,tick,ACQUIRE_VERIFY,STOP,0.0,-0.68,0.0,0.0,0.0,-0.3,2.2,-165.0,-0.3,0.175,2.2,15.0,-0.3,2.8800000000000003,2.895582842883277,0.0,1.1799999999999997,0.5537731738912917,-0.9075986292840937,0.2639954260045712,-0.98524434281485,0.8435509217780122,-0.8299529157533375,0.0,1.9000000000000001,0,
2026-09-07T09:04:00.601+00:00,1002.7666666666667,2.7666666666666324,tick,ACQUIRE_VERIFY,STOP,0.0,-0.68,0.0,0.0,0.0,-0.3,2.2,-165.0,-0.3,0.175,2.2,15.0,-0.3,2.8800000000000003,2.895582842883277,0.0,1.1799999999999997,0.5537731738912917,-0.9075986292840937,0.2639954260045712,-0.98524434281485,0.8435509217780122,-0.8299529157533375,0.0,1.9000000000000001,0,
2026-09-07T09:04:00.634+00:00,1002.8,2.799999999999964,tick,ACQUIRE_VERIFY,STOP,0.0,-0.68,0.0,0.0,0.0,-0.3,2.2,-165.0,-0.3,0.175,2.2,15.0,-0.3,2.8800000000000003,2.895582842883277,0.0,1.1799999999999997,0.5537731738912917,-0.9075986292840937,0.2639954260045712,-0.98524434281485,0.8435509217780122,-0.8299529157533375,0.0,1.9000000000000001,0,
2026-09-07T09:04:00.667+00:00,1002.8333333333333,2.833333333333297,tick,ACQUIRE_VERIFY,STOP,0.0,-0.68,0.0,0.0,0.0,-0.3,2.2,-165.0,-0.3,0.175,2.2,15.0,-0.3,2.8800000000000003,2.895582842883277,0.0,1.1799999999999997,0.5537731738912917,-0.9075986292840937,0.2639954260045712,-0.98524434281485,0.8435509217780122,-0.8299529157533375,0.0,1.9000000000000001,0,
2026-09-07T09:04:00.701+00:00,1002.8666666666667,2.8666666666666303,tick,ACQUIRE_VERIFY,STOP,0.0,-0.68,0.0,0.0,0.0,-0.3,2.2,-165.0,-0.3,0.175,2.2,15.0,-0.3,2.8800000000000003,2.895582842883277,0.0,1.1799999999999997,0.5537731738912917,-0.9075986292840937,0.2639954260045712,-0.98524434281485,0.8435509217780122,-0.8299529157533375,0.0,1.9000000000000001,0,
2026-09-07T09:04:00.734+00:00,1002.9,2.8999999999999617,tick,ACQUIRE_VERIFY,STOP,0.0,-0.68,0.0,0.0,0.0,-0.3,2.2,-165.0,-0.3,0.175,2.2,15.0,-0.3,2.8800000000000003,2.895582842883277,0.0,1.1799999999999997,0.5537731738912917,-0.9075986292840937,0.2639954260045712,-0.98524434281485,0.8435509217780122,-0.8299529157533375,0.0,1.9000000000000001,0,
2026-09-07T09:04:00.767+00:00,1002.9333333333333,2.933333333333295,tick,ACQUIRE_VERIFY,STOP,0.0,-0.68,0.0,0.0,0.0,-0.3,2.2,-165.0,-0.3,0.175,2.2,15.0,-0.3,2.8800000000000003,2.895582842883277,0.0,1.1799999999999997,0.5537731738912917,-0.9075986292840937,0.2639954260045712,-0.98524434281485,0.8435509217780122,-0.8299529157533375,0.0,1.9000000000000001,0,
2026-09-07T09:04:00.801+00:00,1002.9666666666666,2.966666666666628,tick,ACQUIRE_VERIFY,STOP,0.0,-0.68,0.0,0.0,0.0,-0.3,2.2,-165.0,-0.3,0.175,2.2,15.0,-0.3,2.8800000000000003,2.895582842883277,0.0,1.1799999999999997,0.5537731738912917,-0.9075986292840937,0.2639954260045712,-0.98524434281485,0.8435509217780122,-0.8299529157533375,0.0,1.9000000000000001,0,
2026-09-07T09:04:00.834+00:00,1003.0,2.9999999999999596,tick,ACQUIRE_VERIFY,STOP,0.0,-0.68,0.0,0.0,0.0,-0.3,2.2,-165.0,-0.3,0.175,2.2,15.0,-0.3,2.8800000000000003,2.895582842883277,0.0,1.1799999999999997,0.5537731738912917,-0.9075986292840937,0.2639954260045712,-0.98524434281485,0.8435509217780122,-0.8299529157533375,0.0,1.9000000000000001,0,
2026-09-07T09:04:00.867+00:00,1003.0333333333333,3.033333333333293,tick,ACQUIRE_VERIFY,STOP,0.0,-0.68,0.0,0.0,0.0,-0.3,2.2,-165.0,-0.3,0.175,2.2,15.0,-0.3,2.8800000000000003,2.895582842883277,0.0,1.1799999999999997,0.5537731738912917,-0.9075986292840937,0.2639954260045712,-0.98524434281485,0.8435509217780122,-0.8299529157533375,0.0,1.9000000000000001,0,
2026-09-07T09:04:00.901+00:00,1003.0666666666666,3.066666666666626,tick,ACQUIRE_VERIFY,STOP,0.0,-0.68,0.0,0.0,0.0,-0.3,2.2,-165.0,-0.3,0.175,2.2,15.0,-0.3,2.8800000000000003,2.895582842883277,0.0,1.1799999999999997,0.5537731738912917,-0.9075986292840937,0.2639954260045712,-0.98524434281485,0.8435509217780122,-0.8299529157533375,0.0,1.9000000000000001,0,
2026-09-07T09:04:00.934+00:00,1003.0999999999999,3.0999999999999575,tick,ACQUIRE_VERIFY,STOP,0.0,-0.68,0.0,0.0,0.0,-0.3,2.2,-165.0,-0.3,0.175,2.2,15.0,-0.3,2.8800000000000003,2.895582842883277,0.0,1.1799999999999997,0.5537731738912917,-0.9075986292840937,0.2639954260045712,-0.98524434281485,0.8435509217780122,-0.8299529157533375,0.0,1.9000000000000001,0,
2026-09-07T09:04:00.967+00:00,1003.1333333333333,3.1333333333332907,tick,ACQUIRE_VERIFY,STOP,0.0,-0.68,0.0,0.0,0.0,-0.3,2.2,-165.0,-0.3,0.175,2.2,15.0,-0.3,2.8800000000000003,2.895582842883277,0.0,1.1799999999999997,0.5537731738912917,-0.9075986292840937,0.2639954260045712,-0.98524434281485,0.8435509217780122,-0.8299529157533375,0.0,1.9000000000000001,0,
2026-09-07T09:04:01.001+00:00,1003.1666666666666,3.166666666666624,tick,ACQUIRE_VERIFY,STOP,0.0,-0.68,0.0,0.0,0.0,-0.3,2.2,-165.0,-0.3,0.175,2.2,15.0,-0.3,2.8800000000000003,2.895582842883277,0.0,1.1799999999999997,0.5537731738912917,-0.9075986292840937,0.2639954260045712,-0.98524434281485,0.8435509217780122,-0.8299529157533375,0.0,1.9000000000000001,0,
2026-09-07T09:04:01.034+00:00,1003.1999999999999,3.1999999999999553,tick,STAGING_PLAN,STOP,0.0,-0.68,0.0,0.0,0.0,-0.3,2.2,-165.0,-0.3,0.175,2.2,15.0,-0.3,2.8800000000000003,2.895582842883277,0.0,1.1799999999999997,0.5537731738912917,-0.9075986292840937,0.2639954260045712,-0.98524434281485,0.8435509217780122,-0.8299529157533375,0.0,1.9000000000000001,0,
2026-09-07T09:04:01.067+00:00,1003.2333333333332,3.2333333333332885,tick,STAGING_PLAN,STOP,0.0,-0.68,0.0,0.0,0.0,-0.3,2.2,-165.0,-0.3,0.175,2.2,15.0,-0.3,2.8800000000000003,2.895582842883277,0.0,1.1799999999999997,0.5537731738912917,-0.9075986292840937,0.2639954260045712,-0.98524434281485,0.8435509217780122,-0.8299529157533375,0.0,1.9000000000000001,0,
2026-09-07T09:04:01.101+00:00,1003.2666666666667,3.2666666666666218,tick,STAGING_PLAN,STOP,0.0,-0.68,0.0,0.0,0.0,-0.3,2.2,-165.0,-0.3,0.175,2.2,15.0,-0.3,2.8800000000000003,2.895582842883277,0.0,1.1799999999999997,0.5537731738912917,-0.9075986292840937,0.2639954260045712,-0.98524434281485,0.8435509217780122,-0.8299529157533375,0.0,1.9000000000000001,0,
2026-09-07T09:04:01.134+00:00,1003.3,3.299999999999953,tick,STAGING_PLAN,STOP,0.0,-0.68,0.0,0.0,0.0,-0.3,2.2,-165.0,-0.3,0.175,2.2,15.0,-0.3,2.8800000000000003,2.895582842883277,0.0,1.1799999999999997,0.5537731738912917,-0.9075986292840937,0.2639954260045712,-0.98524434281485,0.8435509217780122,-0.8299529157533375,0.0,1.9000000000000001,0,
2026-09-07T09:04:01.167+00:00,1003.3333333333333,3.3333333333332864,tick,STAGING_PLAN,STOP,0.0,-0.68,0.0,0.0,0.0,-0.3,2.2,-165.0,-0.3,0.175,2.2,15.0,-0.3,2.8800000000000003,2.895582842883277,0.0,1.1799999999999997,0.5537731738912917,-0.9075986292840937,0.2639954260045712,-0.98524434281485,0.8435509217780122,-0.8299529157533375,0.0,1.9000000000000001,0,
2026-09-07T09:04:01.201+00:00,1003.3666666666667,3.3666666666666196,tick,STAGING_PLAN,STOP,0.0,-0.68,0.0,0.0,0.0,-0.3,2.2,-165.0,-0.3,0.175,2.2,15.0,-0.3,2.8800000000000003,2.895582842883277,0.0,1.1799999999999997,0.5537731738912917,-0.9075986292840937,0.2639954260045712,-0.98524434281485,0.8435509217780122,-0.8299529157533375,0.0,1.9000000000000001,0,
2026-09-07T09:04:01.234+00:00,1003.4,3.399999999999951,tick,STAGING_PLAN,STOP,0.0,-0.68,0.0,0.0,0.0,-0.3,2.2,-165.0,-0.3,0.175,2.2,15.0,-0.3,2.8800000000000003,2.895582842883277,0.0,1.1799999999999997,0.5537731738912917,-0.9075986292840937,0.2639954260045712,-0.98524434281485,0.8435509217780122,-0.8299529157533375,0.0,1.9000000000000001,0,
2026-09-07T09:04:01.267+00:00,1003.4333333333333,3.4333333333332843,tick,STAGING_PLAN,STOP,0.0,-0.68,0.0,0.0,0.0,-0.3,2.2,-165.0,-0.3,0.175,2.2,15.0,-0.3,2.8800000000000003,2.895582842883277,0.0,1.1799999999999997,0.5537731738912917,-0.9075986292840937,0.2639954260045712,-0.98524434281485,0.8435509217780122,-0.8299529157533375,0.0,1.9000000000000001,0,
2026-09-07T09:04:01.301+00:00,1003.4666666666666,3.4666666666666175,tick,STAGING_PLAN,STOP,0.0,-0.68,0.0,0.0,0.0,-0.3,2.2,-165.0,-0.3,0.175,2.2,15.0,-0.3,2.8800000000000003,2.895582842883277,0.0,1.1799999999999997,0.5537731738912917,-0.9075986292840937,0.2639954260045712,-0.98524434281485,0.8435509217780122,-0.8299529157533375,0.0,1.9000000000000001,0,
2026-09-07T09:04:01.334+00:00,1003.5,3.499999999999949,tick,STAGING_PLAN,STOP,0.0,-0.68,0.0,0.0,0.0,-0.3,2.2,-165.0,-0.3,0.175,2.2,15.0,-0.3,2.8800000000000003,2.895582842883277,0.0,1.1799999999999997,0.5537731738912917,-0.9075986292840937,0.2639954260045712,-0.98524434281485,0.8435509217780122,-0.8299529157533375,0.0,1.9000000000000001,0,
2026-09-07T09:04:01.367+00:00,1003.5333333333333,3.533333333333282,tick,STAGING_PLAN,STOP,0.0,-0.68,0.0,0.0,0.0,-0.3,2.2,-165.0,-0.3,0.175,2.2,15.0,-0.3,2.8800000000000003,2.895582842883277,0.0,1.1799999999999997,0.5537731738912917,-0.9075986292840937,0.2639954260045712,-0.98524434281485,0.8435509217780122,-0.8299529157533375,0.0,1.9000000000000001,0,
2026-09-07T09:04:01.401+00:00,1003.5666666666666,3.5666666666666154,tick,STAGING_PLAN,STOP,0.0,-0.68,0.0,0.0,0.0,-0.3,2.2,-165.0,-0.3,0.175,2.2,15.0,-0.3,2.8800000000000003,2.895582842883277,0.0,1.1799999999999997,0.5537731738912917,-0.9075986292840937,0.2639954260045712,-0.98524434281485,0.8435509217780122,-0.8299529157533375,0.0,1.9000000000000001,0,
2026-09-07T09:04:01.434+00:00,1003.5999999999999,3.599999999999947,tick,STAGING_PLAN,STOP,0.0,-0.68,0.0,0.0,0.0,-0.3,2.2,-165.0,-0.3,0.175,2.2,15.0,-0.3,2.8800000000000003,2.895582842883277,0.0,1.1799999999999997,0.5537731738912917,-0.9075986292840937,0.2639954260045712,-0.98524434281485,0.8435509217780122,-0.8299529157533375,0.0,1.9000000000000001,0,
2026-09-07T09:04:01.467+00:00,1003.6333333333333,3.63333333333328,tick,STAGING_PLAN,STOP,0.0,-0.68,0.0,0.0,0.0,-0.3,2.2,-165.0,-0.3,0.175,2.2,15.0,-0.3,2.8800000000000003,2.895582842883277,0.0,1.1799999999999997,0.5537731738912917,-0.9075986292840937,0.2639954260045712,-0.98524434281485,0.8435509217780122,-0.8299529157533375,0.0,1.9000000000000001,0,
2026-09-07T09:04:01.501+00:00,1003.6666666666666,3.6666666666666132,tick,STAGING_PLAN,STOP,0.0,-0.68,0.0,0.0,0.0,-0.3,2.2,-165.0,-0.3,0.175,2.2,15.0,-0.3,2.8800000000000003,2.895582842883277,0.0,1.1799999999999997,0.5537731738912917,-0.9075986292840937,0.2639954260045712,-0.98524434281485,0.8435509217780122,-0.8299529157533375,0.0,1.9000000000000001,0,
2026-09-07T09:04:01.534+00:00,1003.6999999999999,3.6999999999999447,tick,STAGING_PLAN,STOP,0.0,-0.68,0.0,0.0,0.0,-0.3,2.2,-165.0,-0.3,0.175,2.2,15.0,-0.3,2.8800000000000003,2.895582842883277,0.0,1.1799999999999997,0.5537731738912917,-0.9075986292840937,0.2639954260045712,-0.98524434281485,0.8435509217780122,-0.8299529157533375,0.0,1.9000000000000001,0,
2026-09-07T09:04:01.567+00:00,1003.7333333333332,3.733333333333278,tick,STAGING_PLAN,STOP,0.0,-0.68,0.0,0.0,0.0,-0.3,2.2,-165.0,-0.3,0.175,2.2,15.0,-0.3,2.8800000000000003,2.895582842883277,0.0,1.1799999999999997,0.5537731738912917,-0.9075986292840937,0.2639954260045712,-0.98524434281485,0.8435509217780122,-0.8299529157533375,0.0,1.9000000000000001,0,
2026-09-07T09:04:01.601+00:00,1003.7666666666667,3.766666666666611,tick,STAGING_PLAN,STOP,0.0,-0.68,0.0,0.0,0.0,-0.3,2.2,-165.0,-0.3,0.175,2.2,15.0,-0.3,2.8800000000000003,2.895582842883277,0.0,1.1799999999999997,0.5537731738912917,-0.9075986292840937,0.2639954260045712,-0.98524434281485,0.8435509217780122,-0.8299529157533375,0.0,1.9000000000000001,0,
2026-09-07T09:04:01.634+00:00,1003.8,3.7999999999999425,tick,STAGING_PLAN,STOP,0.0,-0.68,0.0,0.0,0.0,-0.3,2.2,-165.0,-0.3,0.175,2.2,15.0,-0.3,2.8800000000000003,2.895582842883277,0.0,1.1799999999999997,0.5537731738912917,-0.9075986292840937,0.2639954260045712,-0.98524434281485,0.8435509217780122,-0.8299529157533375,0.0,1.9000000000000001,0,
2026-09-07T09:04:01.667+00:00,1003.8333333333333,3.8333333333332757,tick,STAGING_PLAN,STOP,0.0,-0.68,0.0,0.0,0.0,-0.3,2.2,-165.0,-0.3,0.175,2.2,15.0,-0.3,2.8800000000000003,2.895582842883277,0.0,1.1799999999999997,0.5537731738912917,-0.9075986292840937,0.2639954260045712,-0.98524434281485,0.8435509217780122,-0.8299529157533375,0.0,1.9000000000000001,0,
2026-09-07T09:04:01.701+00:00,1003.8666666666666,3.866666666666609,tick,STAGING_PLAN,STOP,0.0,-0.68,0.0,0.0,0.0,-0.3,2.2,-165.0,-0.3,0.175,2.2,15.0,-0.3,2.8800000000000003,2.895582842883277,0.0,1.1799999999999997,0.5537731738912917,-0.9075986292840937,0.2639954260045712,-0.98524434281485,0.8435509217780122,-0.8299529157533375,0.0,1.9000000000000001,0,
2026-09-07T09:04:01.734+00:00,1003.9,3.8999999999999404,tick,STAGING_PLAN,STOP,0.0,-0.68,0.0,0.0,0.0,-0.3,2.2,-165.0,-0.3,0.175,2.2,15.0,-0.3,2.8800000000000003,2.895582842883277,0.0,1.1799999999999997,0.5537731738912917,-0.9075986292840937,0.2639954260045712,-0.98524434281485,0.8435509217780122,-0.8299529157533375,0.0,1.9000000000000001,0,
2026-09-07T09:04:01.767+00:00,1003.9333333333333,3.9333333333332736,tick,STAGING_PLAN,STOP,0.0,-0.68,0.0,0.0,0.0,-0.3,2.2,-165.0,-0.3,0.175,2.2,15.0,-0.3,2.8800000000000003,2.895582842883277,0.0,1.1799999999999997,0.5537731738912917,-0.9075986292840937,0.2639954260045712,-0.98524434281485,0.8435509217780122,-0.8299529157533375,0.0,1.9000000000000001,0,
2026-09-07T09:04:01.801+00:00,1003.9666666666666,3.966666666666607,tick,STAGING_PLAN,STOP,0.0,-0.68,0.0,0.0,0.0,-0.3,2.2,-165.0,-0.3,0.175,2.2,15.0,-0.3,2.8800000000000003,2.895582842883277,0.0,1.1799999999999997,0.5537731738912917,-0.9075986292840937,0.2639954260045712,-0.98524434281485,0.8435509217780122,-0.8299529157533375,0.0,1.9000000000000001,0,
2026-09-07T09:04:01.834+00:00,1003.9999999999999,3.9999999999999383,tick,STAGING_PLAN,STOP,0.0,-0.68,0.0,0.0,0.0,-0.3,2.2,-165.0,-0.3,0.175,2.2,15.0,-0.3,2.8800000000000003,2.895582842883277,0.0,1.1799999999999997,0.5537731738912917,-0.9075986292840937,0.2639954260045712,-0.98524434281485,0.8435509217780122,-0.8299529157533375,0.0,1.9000000000000001,0,
2026-09-07T09:04:01.867+00:00,1004.0333333333333,4.033333333333272,tick,STAGING_PLAN,STOP,0.0,-0.68,0.0,0.0,0.0,-0.3,2.2,-165.0,-0.3,0.175,2.2,15.0,-0.3,2.8800000000000003,2.895582842883277,0.0,1.1799999999999997,0.5537731738912917,-0.9075986292840937,0.2639954260045712,-0.98524434281485,0.8435509217780122,-0.8299529157533375,0.0,1.9000000000000001,0,
2026-09-07T09:04:01.901+00:00,1004.0666666666666,4.066666666666605,tick,STAGING_PLAN,STOP,0.0,-0.68,0.0,0.0,0.0,-0.3,2.2,-165.0,-0.3,0.175,2.2,15.0,-0.3,2.8800000000000003,2.895582842883277,0.0,1.1799999999999997,0.5537731738912917,-0.9075986292840937,0.2639954260045712,-0.98524434281485,0.8435509217780122,-0.8299529157533375,0.0,1.9000000000000001,0,
2026-09-07T09:04:01.934+00:00,1004.0999999999999,4.099999999999936,tick,STAGING_PLAN,STOP,0.0,-0.68,0.0,0.0,0.0,-0.3,2.2,-165.0,-0.3,0.175,2.2,15.0,-0.3,2.8800000000000003,2.895582842883277,0.0,1.1799999999999997,0.5537731738912917,-0.9075986292840937,0.2639954260045712,-0.98524434281485,0.8435509217780122,-0.8299529157533375,0.0,1.9000000000000001,0,
2026-09-07T09:04:01.967+00:00,1004.1333333333332,4.133333333333269,tick,STAGING_PLAN,STOP,0.0,-0.68,0.0,0.0,0.0,-0.3,2.2,-165.0,-0.3,0.175,2.2,15.0,-0.3,2.8800000000000003,2.895582842883277,0.0,1.1799999999999997,0.5537731738912917,-0.9075986292840937,0.2639954260045712,-0.98524434281485,0.8435509217780122,-0.8299529157533375,0.0,1.9000000000000001,0,
2026-09-07T09:04:02.001+00:00,1004.1666666666666,4.166666666666602,tick,STAGING_PLAN,STOP,0.0,-0.68,0.0,0.0,0.0,-0.3,2.2,-165.0,-0.3,0.175,2.2,15.0,-0.3,2.8800000000000003,2.895582842883277,0.0,1.1799999999999997,0.5537731738912917,-0.9075986292840937,0.2639954260045712,-0.98524434281485,0.8435509217780122,-0.8299529157533375,0.0,1.9000000000000001,0,
2026-09-07T09:04:02.034+00:00,1004.1999999999999,4.199999999999934,tick,FAILED,STOP,0.0,-0.68,0.0,0.0,0.0,-0.3,2.2,-165.0,-0.3,0.175,2.2,15.0,-0.3,2.8800000000000003,2.895582842883277,0.0,1.1799999999999997,0.5537731738912917,-0.9075986292840937,0.2639954260045712,-0.98524434281485,0.8435509217780122,-0.8299529157533375,0.0,1.9000000000000001,0,
2026-09-07T09:04:02.034+00:00,1004.1999999999999,4.199999999999934,final,FAILED,STOP,0.0,-0.68,0.0,0.0,0.0,-0.3,2.2,-165.0,-0.3,0.175,2.2,15.0,-0.3,2.8800000000000003,2.895582842883277,0.0,1.1799999999999997,0.5537731738912917,-0.9075986292840937,0.2639954260045712,-0.98524434281485,0.8435509217780122,-0.8299529157533375,0.0,1.9000000000000001,0,
