seg_id,tag,cmd,t_from_cmd_s,t_from_onset_s,angle_deg,during_command,usable
0,20260901_173507,ROT_LEFT,-1.1720000000022992,-2.201413462538767,0.020095647434642316,True,True
0,20260901_173507,ROT_LEFT,-1.0780000000013388,-2.1074134625378065,0.00036215971542752357,True,True
0,20260901_173507,ROT_LEFT,-0.9840000000003783,-2.013413462536846,-0.0,True,True
0,20260901_173507,ROT_LEFT,-0.8899999999994179,-1.9194134625358856,0.005992104839800838,True,True
0,20260901_173507,ROT_LEFT,-0.7970000000022992,-1.826413462538767,0.007028338264318812,True,True
0,20260901_173507,ROT_LEFT,-0.7030000000013388,-1.7324134625378065,0.004716907845084606,True,True
0,20260901_173507,ROT_LEFT,-0.6090000000003783,-1.638413462536846,-0.0019225493481318523,True,True
0,20260901_173507,ROT_LEFT,-0.5149999999994179,-1.5444134625358856,-0.001367934445742236,True,True
0,20260901_173507,ROT_LEFT,-0.4220000000022992,-1.451413462538767,0.002002656776687317,True,True
0,20260901_173507,ROT_LEFT,-0.3280000000013388,-1.3574134625378065,-0.017408256444964465,True,True
0,20260901_173507,ROT_LEFT,-0.23400000000037835,-1.263413462536846,-0.015315740576645531,True,True
0,20260901_173507,ROT_LEFT,-0.125,-1.1544134625364677,-0.013216198961173653,True,True
0,20260901_173507,ROT_LEFT,-0.030999999999039574,-1.0604134625355073,-0.024488627313262512,True,True
0,20260901_173507,ROT_LEFT,0.0779999999977008,-0.9514134625387669,-0.029810269282177337,True,True
0,20260901_173507,ROT_LEFT,0.17199999999866122,-0.8574134625378065,-0.02672543430726737,True,True
0,20260901_173507,ROT_LEFT,0.2819999999992433,-0.7474134625372244,-0.0019657141695788027,True,True
0,20260901_173507,ROT_LEFT,0.375,-0.6544134625364677,-0.004647602356510738,True,True
0,20260901_173507,ROT_LEFT,0.5,-0.5294134625364677,0.010701328479434835,True,True
0,20260901_173507,ROT_LEFT,0.6100000000005821,-0.41941346253588563,0.024322723722739248,True,True
0,20260901_173507,ROT_LEFT,0.7029999999977008,-0.3264134625387669,0.026927312873757714,True,True
0,20260901_173507,ROT_LEFT,0.7969999999986612,-0.23241346253780648,0.02464115935997846,True,True
0,20260901_173507,ROT_LEFT,0.8909999999996217,-0.13841346253684605,0.016899163960113484,True,True
0,20260901_173507,ROT_LEFT,1.0,-0.029413462536467705,0.16336119496543322,True,True
0,20260901_173507,ROT_LEFT,1.110000000000582,0.08058653746411437,0.26736463133876054,True,True
0,20260901_173507,ROT_LEFT,1.1879999999982829,0.15858653746181517,0.3478295298462126,True,True
0,20260901_173507,ROT_LEFT,1.3129999999982829,0.28358653746181517,0.8307152727796399,True,True
0,20260901_173507,ROT_LEFT,1.4069999999992433,0.3775865374627756,1.1651488847129334,True,True
0,20260901_173507,ROT_LEFT,1.5,0.4705865374635323,2.077023056814539,True,True
0,20260901_173507,ROT_LEFT,1.610000000000582,0.5805865374641144,3.357419429946196,False,True
0,20260901_173507,ROT_LEFT,1.7190000000009604,0.6895865374644927,4.942543101649126,False,True
0,20260901_173507,ROT_LEFT,1.8129999999982829,0.7835865374618152,6.553007524434651,False,True
0,20260901_173507,ROT_LEFT,1.9069999999992433,0.8775865374627756,7.583808710736221,False,True
0,20260901_173507,ROT_LEFT,2.0159999999996217,0.986586537463154,6.816396680661827,False,True
0,20260901_173507,ROT_LEFT,2.125,1.0955865374635323,6.197716438579055,False,True
0,20260901_173507,ROT_LEFT,2.2190000000009604,1.1895865374644927,6.367951440440203,False,True
0,20260901_173507,ROT_LEFT,2.327999999997701,1.298586537461233,6.820260368251997,False,True
0,20260901_173507,ROT_LEFT,2.437999999998283,1.4085865374618152,6.838677066738615,False,True
0,20260901_173507,ROT_LEFT,2.5319999999992433,1.5025865374627756,6.568481206315875,False,True
0,20260901_173507,ROT_LEFT,2.625,1.5955865374635323,6.368757480376824,False,True
0,20260901_173507,ROT_LEFT,2.735000000000582,1.7055865374641144,6.469158691811376,False,True
0,20260901_173507,ROT_LEFT,2.827999999997701,1.798586537461233,6.588912323421246,False,True
0,20260901_173507,ROT_LEFT,2.937999999998283,1.9085865374618152,6.504026074660031,False,True
0,20260901_173507,ROT_LEFT,3.0319999999992433,2.0025865374627756,6.483180874746333,False,True
0,20260901_173507,ROT_LEFT,3.1409999999996217,2.111586537463154,6.54897618975412,False,True
0,20260901_173507,ROT_LEFT,3.2190000000009604,2.1895865374644927,6.542298759535197,False,True
0,20260901_173507,ROT_LEFT,3.3440000000009604,2.3145865374644927,6.457108291167657,False,True
0,20260901_173507,ROT_LEFT,3.437999999998283,2.408586537461815,6.479788074921277,False,True
0,20260901_173507,ROT_LEFT,3.5319999999992433,2.5025865374627756,6.481897261236743,False,True
0,20260901_173507,ROT_LEFT,3.6409999999996217,2.611586537463154,6.465816350787498,False,True
0,20260901_173507,ROT_LEFT,3.735000000000582,2.7055865374641144,6.517994821370527,False,True
0,20260901_173507,ROT_LEFT,3.8440000000009604,2.8145865374644927,6.500035917781714,False,True
0,20260901_173507,ROT_LEFT,3.937999999998283,2.908586537461815,6.450199985724396,False,True
0,20260901_173507,ROT_LEFT,4.046999999998661,3.0175865374621935,6.51474706315342,False,True
0,20260901_173507,ROT_LEFT,4.140999999999622,3.111586537463154,6.503777574757702,False,True
0,20260901_173507,ROT_LEFT,4.235000000000582,3.2055865374641144,6.461882376449449,False,True
0,20260901_173507,ROT_LEFT,4.34400000000096,3.3145865374644927,6.478605153592697,False,True
0,20260901_173507,ROT_LEFT,4.452999999997701,3.423586537461233,6.4822492478365925,False,True
0,20260901_173507,ROT_LEFT,4.546999999998661,3.5175865374621935,6.4806721686571755,False,True
0,20260901_173507,ROT_LEFT,4.640999999999622,3.611586537463154,6.483379212195501,False,True
0,20260901_173507,ROT_LEFT,4.75,3.7205865374635323,6.48668355853553,False,True
0,20260901_173507,ROT_LEFT,4.84400000000096,3.8145865374644927,6.480116098288158,False,True
0,20260901_173507,ROT_LEFT,4.937999999998283,3.908586537461815,6.498300209190731,False,True
0,20260901_173507,ROT_LEFT,5.046999999998661,4.0175865374621935,6.490627377461076,False,True
0,20260901_173507,ROT_LEFT,5.140999999999622,4.111586537463154,6.478689218194683,False,True
0,20260901_173507,ROT_LEFT,5.235000000000582,4.205586537464114,6.472119463508301,False,True
0,20260901_173507,ROT_LEFT,5.327999999997701,4.298586537461233,6.470149483038774,False,True
0,20260901_173507,ROT_LEFT,5.406999999999243,4.377586537462776,6.466000795019239,False,True
0,20260901_173507,ROT_LEFT,5.515999999999622,4.486586537463154,6.4583552837200155,False,True
0,20260901_173507,ROT_LEFT,5.610000000000582,4.580586537464114,6.474033322195689,False,True
0,20260901_173507,ROT_LEFT,5.71900000000096,4.689586537464493,6.488573435953572,False,True
0,20260901_173507,ROT_LEFT,5.812999999998283,4.783586537461815,6.4632011382306,False,True
0,20260901_173507,ROT_LEFT,5.921999999998661,4.8925865374621935,6.452679220134598,False,True
0,20260901_173507,ROT_LEFT,6.015999999999622,4.986586537463154,6.4779143033576165,False,True
0,20260901_173507,ROT_LEFT,6.125,5.095586537463532,6.484538358108722,False,True
0,20260901_173507,ROT_LEFT,6.21900000000096,5.189586537464493,6.4703981658376,False,True
0,20260901_173507,ROT_LEFT,6.312999999998283,5.283586537461815,6.483718445030765,False,True
0,20260901_173507,ROT_LEFT,6.406999999999243,5.377586537462776,6.480598834835332,False,True
0,20260901_173507,ROT_LEFT,6.531999999999243,5.502586537462776,6.486404193543214,False,True
1,20260901_173507,ROT_RIGHT,-1.1560000000026776,-2.2983514278057555,-0.053309478633702057,True,True
1,20260901_173507,ROT_RIGHT,-1.0310000000026776,-2.1733514278057555,-0.015717732281387953,True,True
1,20260901_173507,ROT_RIGHT,-0.8910000000032596,-2.0333514278063376,0.03305304526889863,True,True
1,20260901_173507,ROT_RIGHT,-0.7660000000032596,-1.9083514278063376,0.014536983387204216,True,True
1,20260901_173507,ROT_RIGHT,-0.6410000000032596,-1.7833514278063376,-0.023213783271167188,True,True
1,20260901_173507,ROT_RIGHT,-0.5,-1.642351427803078,0.014993639611557974,True,True
1,20260901_173507,ROT_RIGHT,-0.40600000000267755,-1.5483514278057555,0.0,True,True
1,20260901_173507,ROT_RIGHT,-0.3120000000017171,-1.454351427804795,-0.003925404878588168,True,True
1,20260901_173507,ROT_RIGHT,-0.21900000000096043,-1.3613514278040384,0.0010966373048519884,True,True
1,20260901_173507,ROT_RIGHT,-0.125,-1.267351427803078,-0.0033435228676257367,True,True
1,20260901_173507,ROT_RIGHT,-0.01600000000325963,-1.1583514278063376,0.04283307329202923,True,True
1,20260901_173507,ROT_RIGHT,0.0779999999977008,-1.0643514278053772,0.033536133629664455,True,True
1,20260901_173507,ROT_RIGHT,0.18799999999828287,-0.9543514278047951,0.05924873747943504,True,True
1,20260901_173507,ROT_RIGHT,0.2809999999990396,-0.8613514278040384,0.05506593536798032,True,True
1,20260901_173507,ROT_RIGHT,0.375,-0.767351427803078,0.0496568367880208,True,True
1,20260901_173507,ROT_RIGHT,0.48399999999674037,-0.6583514278063376,0.05553125058760422,True,True
1,20260901_173507,ROT_RIGHT,0.5939999999973224,-0.5483514278057555,0.0010377537060772823,True,True
1,20260901_173507,ROT_RIGHT,0.7029999999977008,-0.43935142780537717,-0.004280924251247598,True,True
1,20260901_173507,ROT_RIGHT,0.7969999999986612,-0.34535142780441674,-0.01960335239405886,True,True
1,20260901_173507,ROT_RIGHT,0.8909999999996217,-0.2513514278034563,-0.050744609761394166,True,True
1,20260901_173507,ROT_RIGHT,1.0,-0.14235142780307797,0.04167954219192804,True,True
1,20260901_173507,ROT_RIGHT,1.0779999999977008,-0.06435142780537717,0.13876951361798984,True,True
1,20260901_173507,ROT_RIGHT,1.1879999999982829,0.045648572195204906,0.20952145319678905,True,True
1,20260901_173507,ROT_RIGHT,1.2969999999986612,0.15464857219558326,0.4057492786484742,True,True
1,20260901_173507,ROT_RIGHT,1.3909999999996217,0.24864857219654368,0.6184974739612272,True,True
1,20260901_173507,ROT_RIGHT,1.5,0.35764857219692203,1.3848512545197051,True,True
1,20260901_173507,ROT_RIGHT,1.625,0.48264857219692203,2.717050853627472,False,True
1,20260901_173507,ROT_RIGHT,1.7189999999973224,0.5766485721942445,4.109156902317961,False,True
1,20260901_173507,ROT_RIGHT,1.8129999999982829,0.6706485721952049,5.835078738266455,False,True
1,20260901_173507,ROT_RIGHT,1.9059999999990396,0.7636485721959616,7.5992199366312825,False,True
1,20260901_173507,ROT_RIGHT,2.0159999999996217,0.8736485721965437,8.221293846425507,False,True
1,20260901_173507,ROT_RIGHT,2.1089999999967404,0.9666485721936624,7.652010953430881,False,True
1,20260901_173507,ROT_RIGHT,2.2189999999973224,1.0766485721942445,6.731793840296153,False,True
1,20260901_173507,ROT_RIGHT,2.312999999998283,1.170648572195205,6.873529790746173,False,True
1,20260901_173507,ROT_RIGHT,2.4219999999986612,1.2796485721955833,7.4559632391245145,False,True
1,20260901_173507,ROT_RIGHT,2.5159999999996217,1.3736485721965437,7.497511152284975,False,True
1,20260901_173507,ROT_RIGHT,2.6089999999967404,1.4666485721936624,7.176021725500725,False,True
1,20260901_173507,ROT_RIGHT,2.702999999997701,1.5606485721946228,7.112952381224543,False,True
1,20260901_173507,ROT_RIGHT,2.812999999998283,1.670648572195205,7.198950334415337,False,True
1,20260901_173507,ROT_RIGHT,2.9059999999990396,1.7636485721959616,7.280094479624548,False,True
1,20260901_173507,ROT_RIGHT,3.0159999999996217,1.8736485721965437,7.190011939901428,False,True
1,20260901_173507,ROT_RIGHT,3.1089999999967404,1.9666485721936624,7.172757173506975,False,True
1,20260901_173507,ROT_RIGHT,3.2189999999973224,2.0766485721942445,7.232234577612083,False,True
1,20260901_173507,ROT_RIGHT,3.312999999998283,2.170648572195205,7.229281074339639,False,True
1,20260901_173507,ROT_RIGHT,3.4219999999986612,2.2796485721955833,7.180441864008985,False,True
1,20260901_173507,ROT_RIGHT,3.5,2.357648572196922,7.178568365761622,False,True
1,20260901_173507,ROT_RIGHT,3.6089999999967404,2.4666485721936624,7.194645065978067,False,True
1,20260901_173507,ROT_RIGHT,3.702999999997701,2.560648572194623,7.1821602835998855,False,True
1,20260901_173507,ROT_RIGHT,3.7969999999986612,2.6546485721955833,7.194877595768234,False,True
1,20260901_173507,ROT_RIGHT,3.8909999999996217,2.7486485721965437,7.205854311158799,False,True
1,20260901_173507,ROT_RIGHT,4.0,2.857648572196922,7.197364995255466,False,True
1,20260901_173507,ROT_RIGHT,4.0939999999973224,2.9516485721942445,7.1872931780684475,False,True
1,20260901_173507,ROT_RIGHT,4.202999999997701,3.060648572194623,7.175509542427605,False,True
1,20260901_173507,ROT_RIGHT,4.296999999998661,3.1546485721955833,7.177202389749626,False,True
1,20260901_173507,ROT_RIGHT,4.40599999999904,3.2636485721959616,7.171387336532746,False,True
1,20260901_173507,ROT_RIGHT,4.5,3.357648572196922,7.173026707420057,False,True
1,20260901_173507,ROT_RIGHT,4.625,3.482648572196922,7.178386919574334,False,True
1,20260901_173507,ROT_RIGHT,4.73399999999674,3.5916485721936624,7.186558909604744,False,True
1,20260901_173507,ROT_RIGHT,4.827999999997701,3.685648572194623,7.191902896062693,False,True
1,20260901_173507,ROT_RIGHT,4.921999999998661,3.7796485721955833,7.176907586141679,False,True
1,20260901_173507,ROT_RIGHT,5.015999999999622,3.8736485721965437,7.19022558164047,False,True
1,20260901_173507,ROT_RIGHT,5.125,3.982648572196922,7.210610475659201,False,True
1,20260901_173507,ROT_RIGHT,5.2189999999973224,4.0766485721942445,7.190221397289563,False,True
1,20260901_173507,ROT_RIGHT,5.312999999998283,4.170648572195205,7.193387538386794,False,True
1,20260901_173507,ROT_RIGHT,5.421999999998661,4.279648572195583,7.206947644360139,False,True
1,20260901_173507,ROT_RIGHT,5.515999999999622,4.373648572196544,7.207840641651523,False,True
1,20260901_173507,ROT_RIGHT,5.625,4.482648572196922,7.16592642121026,False,True
1,20260901_173507,ROT_RIGHT,5.7189999999973224,4.5766485721942445,7.180697611844396,False,True
1,20260901_173507,ROT_RIGHT,5.812999999998283,4.670648572195205,7.156751986774031,False,True
1,20260901_173507,ROT_RIGHT,5.90599999999904,4.763648572195962,7.159965569698845,False,True
1,20260901_173507,ROT_RIGHT,6.015999999999622,4.873648572196544,7.164296324432893,False,True
1,20260901_173507,ROT_RIGHT,6.10899999999674,4.966648572193662,7.165853513635174,False,True
1,20260901_173507,ROT_RIGHT,6.202999999997701,5.060648572194623,7.171056657740822,False,True
1,20260901_173507,ROT_RIGHT,6.312999999998283,5.170648572195205,7.149880752126837,False,True
1,20260901_173507,ROT_RIGHT,6.390999999999622,5.248648572196544,7.157206189817544,False,True
1,20260901_173507,ROT_RIGHT,6.5,5.357648572196922,7.1615415337975294,False,True
2,20260901_173507,ROT_RIGHT,-1.110000000000582,-2.1401344403457188,-0.0014419971077250793,True,True
2,20260901_173507,ROT_RIGHT,-1.0159999999996217,-2.0461344403447583,0.005078975627598403,True,True
2,20260901_173507,ROT_RIGHT,-0.9219999999986612,-1.952134440343798,-0.010738030133087051,True,True
2,20260901_173507,ROT_RIGHT,-0.8290000000015425,-1.8591344403466792,0.008964736153132868,True,True
2,20260901_173507,ROT_RIGHT,-0.7350000000005821,-1.7651344403457188,0.01904662177347971,True,True
2,20260901_173507,ROT_RIGHT,-0.625,-1.6551344403451367,0.013219883668918797,True,True
2,20260901_173507,ROT_RIGHT,-0.5159999999996217,-1.5461344403447583,0.013495077477076123,True,True
2,20260901_173507,ROT_RIGHT,-0.4069999999992433,-1.43713444034438,-0.007143856282320282,True,True
2,20260901_173507,ROT_RIGHT,-0.3129999999982829,-1.3431344403434196,-0.022278015258728523,True,True
2,20260901_173507,ROT_RIGHT,-0.2040000000015425,-1.2341344403466792,0.0014419971077250793,True,True
2,20260901_173507,ROT_RIGHT,-0.125,-1.1551344403451367,-0.02501909828281912,True,True
2,20260901_173507,ROT_RIGHT,-0.0319999999992433,-1.06213444034438,-0.02460418228335337,True,True
2,20260901_173507,ROT_RIGHT,0.07800000000133878,-0.9521344403437979,0.008900555845717584,True,True
2,20260901_173507,ROT_RIGHT,0.18700000000171713,-0.8431344403434196,-0.007129095722840262,True,True
2,20260901_173507,ROT_RIGHT,0.2809999999990396,-0.7491344403460971,0.0013787598398478096,True,True
2,20260901_173507,ROT_RIGHT,0.3899999999994179,-0.6401344403457188,-0.013975628721264677,True,True
2,20260901_173507,ROT_RIGHT,0.48400000000037835,-0.5461344403447583,-0.024378370946029904,True,True
2,20260901_173507,ROT_RIGHT,0.5930000000007567,-0.43713444034438,-0.019759711128376267,True,True
2,20260901_173507,ROT_RIGHT,0.6870000000017171,-0.34313444034341956,-0.03645526407212296,True,True
2,20260901_173507,ROT_RIGHT,0.7959999999984575,-0.23413444034667918,0.006580686122420243,True,True
2,20260901_173507,ROT_RIGHT,0.8899999999994179,-0.14013444034571876,0.08023853069547604,True,True
2,20260901_173507,ROT_RIGHT,1.0,-0.03013444034513668,0.1469952065579503,True,True
2,20260901_173507,ROT_RIGHT,1.0930000000007567,0.06286555965562002,0.24664237784916088,True,True
2,20260901_173507,ROT_RIGHT,1.2030000000013388,0.1728655596562021,0.4908909733245266,True,True
2,20260901_173507,ROT_RIGHT,1.3280000000013388,0.2978655596562021,0.6488425398635309,True,True
2,20260901_173507,ROT_RIGHT,1.4370000000017171,0.40686555965658044,1.3931159656536507,True,True
2,20260901_173507,ROT_RIGHT,1.514999999999418,0.48486555965428124,2.22778560421436,True,True
2,20260901_173507,ROT_RIGHT,1.625,0.5948655596548633,3.676920856219827,True,True
2,20260901_173507,ROT_RIGHT,1.7180000000007567,0.68786555965562,5.691803126453022,True,True
2,20260901_173507,ROT_RIGHT,1.8280000000013388,0.7978655596562021,8.277975778633081,True,True
2,20260901_173507,ROT_RIGHT,1.9370000000017171,0.9068655596565804,10.657851290783904,True,True
2,20260901_173507,ROT_RIGHT,2.0780000000013388,1.047865559656202,12.790596200193471,False,True
2,20260901_173507,ROT_RIGHT,2.187000000001717,1.1568655596565804,14.025167666740249,False,True
2,20260901_173507,ROT_RIGHT,2.2809999999990396,1.250865559653903,15.397331583280454,False,True
2,20260901_173507,ROT_RIGHT,2.437000000001717,1.4068655596565804,14.944112787752665,False,True
2,20260901_173507,ROT_RIGHT,2.5309999999990396,1.500865559653903,14.913540411626617,False,True
2,20260901_173507,ROT_RIGHT,2.625,1.5948655596548633,15.001387910678321,False,True
2,20260901_173507,ROT_RIGHT,2.7340000000003783,1.7038655596552417,15.310129646367592,False,True
2,20260901_173507,ROT_RIGHT,2.8280000000013388,1.797865559656202,15.209123660589437,False,True
2,20260901_173507,ROT_RIGHT,2.937000000001717,1.9068655596565804,15.519364446171732,False,True
2,20260901_173507,ROT_RIGHT,3.0309999999990396,2.000865559653903,15.448265194969462,False,True
2,20260901_173507,ROT_RIGHT,3.139999999999418,2.1098655596542812,15.081717363474944,False,True
2,20260901_173507,ROT_RIGHT,3.2340000000003783,2.2038655596552417,15.4915101249861,False,True
2,20260901_173507,ROT_RIGHT,3.3280000000013388,2.297865559656202,14.991019446365666,False,True
2,20260901_173507,ROT_RIGHT,3.437000000001717,2.4068655596565804,14.274694508053145,False,True
2,20260901_173507,ROT_RIGHT,3.5309999999990396,2.500865559653903,15.346327604026317,False,True
2,20260901_173507,ROT_RIGHT,3.625,2.5948655596548633,15.391678090040948,False,True
2,20260901_173507,ROT_RIGHT,3.7180000000007567,2.68786555965562,15.166716731303481,False,True
2,20260901_173507,ROT_RIGHT,3.8280000000013388,2.797865559656202,15.11516093039274,False,True
2,20260901_173507,ROT_RIGHT,3.9209999999984575,2.890865559653321,15.32709370529378,False,True
2,20260901_173507,ROT_RIGHT,4.014999999999418,2.9848655596542812,15.319769437116282,False,True
2,20260901_173507,ROT_RIGHT,4.125,3.0948655596548633,15.316593406197555,False,True
2,20260901_173507,ROT_RIGHT,4.218000000000757,3.18786555965562,15.323155943878621,False,True
2,20260901_173507,ROT_RIGHT,4.312000000001717,3.2818655596565804,15.163904213977887,False,True
2,20260901_173507,ROT_RIGHT,4.437000000001717,3.4068655596565804,15.291471246495629,False,True
2,20260901_173507,ROT_RIGHT,4.514999999999418,3.4848655596542812,15.24412024006348,False,True
2,20260901_173507,ROT_RIGHT,4.625,3.5948655596548633,15.090478815330929,False,True
2,20260901_173507,ROT_RIGHT,4.718000000000757,3.68786555965562,15.406159991319505,False,True
2,20260901_173507,ROT_RIGHT,4.828000000001339,3.797865559656202,15.523749444838117,False,True
2,20260901_173507,ROT_RIGHT,4.90599999999904,3.875865559653903,15.707785911442773,False,True
2,20260901_173507,ROT_RIGHT,5.014999999999418,3.9848655596542812,15.62483658719993,False,True
2,20260901_173507,ROT_RIGHT,5.109000000000378,4.078865559655242,15.62558375469133,False,True
2,20260901_173507,ROT_RIGHT,5.203000000001339,4.172865559656202,15.364226583567941,False,True
2,20260901_173507,ROT_RIGHT,5.2959999999984575,4.265865559653321,15.551089036040853,False,True
2,20260901_173507,ROT_RIGHT,5.389999999999418,4.359865559654281,15.626377456309605,False,True
2,20260901_173507,ROT_RIGHT,5.484000000000378,4.453865559655242,15.377462522076993,False,True
2,20260901_173507,ROT_RIGHT,5.578000000001339,4.547865559656202,15.469658455213843,False,True
2,20260901_173507,ROT_RIGHT,5.6709999999984575,4.640865559653321,15.082812627244365,False,True
2,20260901_173507,ROT_RIGHT,5.78099999999904,4.750865559653903,15.292249491907675,False,True
2,20260901_173507,ROT_RIGHT,5.875,4.844865559654863,15.324637499592718,False,True
2,20260901_173507,ROT_RIGHT,5.968000000000757,4.93786555965562,15.212434108011472,False,True
2,20260901_173507,ROT_RIGHT,6.062000000001717,5.0318655596565804,15.154940873247362,False,True
2,20260901_173507,ROT_RIGHT,6.15599999999904,5.125865559653903,14.987704257258425,False,True
2,20260901_173507,ROT_RIGHT,6.25,5.219865559654863,15.129724481755243,False,True
2,20260901_173507,ROT_RIGHT,6.359000000000378,5.328865559655242,15.116282619711487,False,True
2,20260901_173507,ROT_RIGHT,6.468000000000757,5.43786555965562,15.100290342089707,False,True
2,20260901_173507,ROT_RIGHT,6.562000000001717,5.5318655596565804,15.002027575857117,False,True
2,20260901_173507,ROT_RIGHT,6.65599999999904,5.625865559653903,15.33658566478179,False,True
2,20260901_173507,ROT_RIGHT,6.75,5.719865559654863,15.345368935790749,False,True
2,20260901_173507,ROT_RIGHT,6.843000000000757,5.81286555965562,15.421979655661428,False,True
2,20260901_173507,ROT_RIGHT,6.953000000001339,5.922865559656202,15.544566934617635,False,True
3,20260901_173507,ROT_LEFT,-1.139999999999418,-2.1041956440640206,-0.11277834257226615,True,True
3,20260901_173507,ROT_LEFT,-1.0459999999984575,-2.01019564406306,-0.17093170371044053,True,True
3,20260901_173507,ROT_LEFT,-0.9369999999980791,-1.9011956440626818,-0.03239651540732069,True,True
3,20260901_173507,ROT_LEFT,-0.8429999999971187,-1.8071956440617214,-0.015100668160524577,True,True
3,20260901_173507,ROT_LEFT,-0.75,-1.7141956440646027,0.15089357655352487,True,True
3,20260901_173507,ROT_LEFT,-0.6559999999990396,-1.6201956440636422,0.33275005865874263,True,True
3,20260901_173507,ROT_LEFT,-0.5459999999984575,-1.5101956440630602,0.2490122013759155,True,True
3,20260901_173507,ROT_LEFT,-0.4529999999977008,-1.4171956440623035,0.02318893834232938,True,True
3,20260901_173507,ROT_LEFT,-0.3429999999971187,-1.3071956440617214,0.05862337610819779,True,True
3,20260901_173507,ROT_LEFT,-0.25,-1.2141956440646027,-0.11490138955908691,True,True
3,20260901_173507,ROT_LEFT,-0.13999999999941792,-1.1041956440640206,-0.005676232471699905,True,True
3,20260901_173507,ROT_LEFT,-0.030999999999039574,-0.9951956440636422,0.005676232471703457,True,True
3,20260901_173507,ROT_LEFT,0.06300000000192085,-0.9011956440626818,-0.07375314743654826,True,True
3,20260901_173507,ROT_LEFT,0.18800000000192085,-0.7761956440626818,0.08769398424972508,True,True
3,20260901_173507,ROT_LEFT,0.2820000000028813,-0.6821956440617214,0.09267161770145904,True,True
3,20260901_173507,ROT_LEFT,0.375,-0.5891956440646027,0.06037813953104987,True,True
3,20260901_173507,ROT_LEFT,0.4850000000005821,-0.4791956440640206,-0.02628068841930542,True,True
3,20260901_173507,ROT_LEFT,0.5790000000015425,-0.38519564406306017,-0.05478418633639848,True,True
3,20260901_173507,ROT_LEFT,0.6720000000022992,-0.2921956440623035,0.01954828242131157,True,True
3,20260901_173507,ROT_LEFT,0.7820000000028813,-0.1821956440617214,0.0730025041650606,True,True
3,20260901_173507,ROT_LEFT,0.8910000000032596,-0.07319564406134305,0.30155631387728477,True,True
3,20260901_173507,ROT_LEFT,1.0,0.035804355935397325,0.14915297295744168,True,True
3,20260901_173507,ROT_LEFT,1.0940000000009604,0.12980435593635775,0.41484389917314246,True,True
3,20260901_173507,ROT_LEFT,1.2040000000015425,0.23980435593693983,0.6606971466911915,True,True
3,20260901_173507,ROT_LEFT,1.3130000000019209,0.3488043559373182,0.6566373418975502,True,True
3,20260901_173507,ROT_LEFT,1.4070000000028813,0.4428043559382786,0.5517292915411858,True,True
3,20260901_173507,ROT_LEFT,1.5160000000032596,0.551804355938657,1.6090346013496024,True,True
3,20260901_173507,ROT_LEFT,1.610000000000582,0.6458043559359794,1.6821314525805384,True,True
3,20260901_173507,ROT_LEFT,1.7190000000009604,0.7548043559363578,2.508992153228556,True,True
3,20260901_173507,ROT_LEFT,1.8130000000019209,0.8488043559373182,2.974344251508027,True,True
3,20260901_173507,ROT_LEFT,1.9220000000022992,0.9578043559376965,5.9386823906977355,True,True
3,20260901_173507,ROT_LEFT,2.0320000000028813,1.0678043559382786,7.72362088023319,True,True
3,20260901_173507,ROT_LEFT,2.1410000000032596,1.176804355938657,9.9142501712982,True,True
3,20260901_173507,ROT_LEFT,2.25,1.2858043559353973,12.120238321832483,False,True
3,20260901_173507,ROT_LEFT,2.3440000000009604,1.3798043559363578,14.25802600459783,False,True
3,20260901_173507,ROT_LEFT,2.4540000000015425,1.4898043559369398,16.268971336041524,False,True
3,20260901_173507,ROT_LEFT,2.563000000001921,1.5988043559373182,17.951150237276675,False,True
3,20260901_173507,ROT_LEFT,2.672000000002299,1.7078043559376965,18.300944343672434,False,True
3,20260901_173507,ROT_LEFT,2.7660000000032596,1.801804355938657,17.5546365534065,False,True
3,20260901_173507,ROT_LEFT,2.9070000000028813,1.9428043559382786,17.1613549258018,False,True
3,20260901_173507,ROT_LEFT,3.0,2.0358043559353973,17.428677938283723,False,True
3,20260901_173507,ROT_LEFT,3.0940000000009604,2.1298043559363578,17.707603541538788,False,True
3,20260901_173507,ROT_LEFT,3.188000000001921,2.223804355937318,17.6270898503687,False,True
3,20260901_173507,ROT_LEFT,3.2820000000028813,2.3178043559382786,17.4293168344663,False,True
3,20260901_173507,ROT_LEFT,3.3910000000032596,2.426804355938657,17.434814857676276,False,True
3,20260901_173507,ROT_LEFT,3.485000000000582,2.5208043559359794,17.495845470153892,False,True
3,20260901_173507,ROT_LEFT,3.5940000000009604,2.6298043559363578,17.471718309659433,False,True
3,20260901_173507,ROT_LEFT,3.672000000002299,2.7078043559376965,17.383534968430247,False,True
3,20260901_173507,ROT_LEFT,3.7820000000028813,2.8178043559382786,17.444155761120882,False,True
3,20260901_173507,ROT_LEFT,3.9070000000028813,2.9428043559382786,17.467605979650074,False,True
3,20260901_173507,ROT_LEFT,4.0,3.0358043559353973,17.40517771050239,False,True
3,20260901_173507,ROT_LEFT,4.09400000000096,3.1298043559363578,17.457899147540044,False,True
3,20260901_173507,ROT_LEFT,4.188000000001921,3.223804355937318,17.457417739137426,False,True
3,20260901_173507,ROT_LEFT,4.297000000002299,3.3328043559376965,17.37135462456701,False,True
3,20260901_173507,ROT_LEFT,4.39100000000326,3.426804355938657,17.37991256216036,False,True
3,20260901_173507,ROT_LEFT,4.485000000000582,3.5208043559359794,17.46826923453102,False,True
3,20260901_173507,ROT_LEFT,4.59400000000096,3.6298043559363578,17.440633007312208,False,True
3,20260901_173507,ROT_LEFT,4.672000000002299,3.7078043559376965,17.46151277190287,False,True
3,20260901_173507,ROT_LEFT,4.76600000000326,3.801804355938657,17.494756542142543,False,True
3,20260901_173507,ROT_LEFT,4.907000000002881,3.9428043559382786,17.445542724652398,False,True
3,20260901_173507,ROT_LEFT,5.0,4.035804355935397,17.43759613563202,False,True
3,20260901_173507,ROT_LEFT,5.09400000000096,4.129804355936358,17.462267907215562,False,True
3,20260901_173507,ROT_LEFT,5.188000000001921,4.223804355937318,17.4421050847542,False,True
3,20260901_173507,ROT_LEFT,5.26600000000326,4.301804355938657,17.468221255295482,False,True
3,20260901_173507,ROT_LEFT,5.375,4.410804355935397,17.465806296673286,False,True
3,20260901_173507,ROT_LEFT,5.485000000000582,4.520804355935979,17.467074210704283,False,True
3,20260901_173507,ROT_LEFT,5.5790000000015425,4.61480435593694,17.454295868452032,False,True
3,20260901_173507,ROT_LEFT,5.672000000002299,4.7078043559376965,17.428380925638326,False,True
3,20260901_173507,ROT_LEFT,5.782000000002881,4.817804355938279,17.424599862725834,False,True
3,20260901_173507,ROT_LEFT,5.907000000002881,4.942804355938279,17.402708621163466,False,True
3,20260901_173507,ROT_LEFT,6.0,5.035804355935397,17.46515471667447,False,True
3,20260901_173507,ROT_LEFT,6.09400000000096,5.129804355936358,17.443731746132812,False,True
3,20260901_173507,ROT_LEFT,6.188000000001921,5.223804355937318,17.435381022571317,False,True
3,20260901_173507,ROT_LEFT,6.297000000002299,5.3328043559376965,17.47745102455183,False,True
3,20260901_173507,ROT_LEFT,6.39100000000326,5.426804355938657,17.462210591076364,False,True
3,20260901_173507,ROT_LEFT,6.485000000000582,5.520804355935979,17.465898342032382,False,True
3,20260901_173507,ROT_LEFT,6.5790000000015425,5.61480435593694,17.453828740845953,False,True
3,20260901_173507,ROT_LEFT,6.688000000001921,5.723804355937318,17.463152917912478,False,True
3,20260901_173507,ROT_LEFT,6.782000000002881,5.817804355938279,17.445888315671716,False,True
3,20260901_173507,ROT_LEFT,6.89100000000326,5.926804355938657,17.457743235556777,False,True
3,20260901_173507,ROT_LEFT,7.0,6.035804355935397,17.44480079426509,False,True
3,20260901_173507,ROT_LEFT,7.09400000000096,6.129804355936358,17.445167282587207,False,True
4,20260901_173507,ROT_RIGHT,-1.139999999999418,-2.1362402023587492,0.04392911351781009,True,True
4,20260901_173507,ROT_RIGHT,-1.0309999999990396,-2.027240202358371,0.012542731329435841,True,True
4,20260901_173507,ROT_RIGHT,-0.9370000000017171,-1.9332402023610484,0.004549060751165401,True,True
4,20260901_173507,ROT_RIGHT,-0.8280000000013388,-1.82424020236067,-0.0006500226622323524,True,True
4,20260901_173507,ROT_RIGHT,-0.7180000000007567,-1.714240202360088,0.014843950004158779,True,True
4,20260901_173507,ROT_RIGHT,-0.625,-1.6212402023593313,0.004274513590762363,True,True
4,20260901_173507,ROT_RIGHT,-0.5309999999990396,-1.5272402023583709,0.0006500226622323246,True,True
4,20260901_173507,ROT_RIGHT,-0.4370000000017171,-1.4332402023610484,-0.020268117876292985,True,True
4,20260901_173507,ROT_RIGHT,-0.3280000000013388,-1.32424020236067,-0.025357539381362176,True,True
4,20260901_173507,ROT_RIGHT,-0.23400000000037835,-1.2302402023597097,-0.01421207552118145,True,True
4,20260901_173507,ROT_RIGHT,-0.125,-1.1212402023593313,-0.009619669421653543,True,True
4,20260901_173507,ROT_RIGHT,-0.0470000000022992,-1.0432402023616305,-0.010385453158314767,True,True
4,20260901_173507,ROT_RIGHT,0.06299999999828287,-0.9332402023610484,0.01090259121321896,True,True
4,20260901_173507,ROT_RIGHT,0.17199999999866122,-0.8242402023606701,-0.012146745460570318,True,True
4,20260901_173507,ROT_RIGHT,0.2819999999992433,-0.714240202360088,-0.005661837846076323,True,True
4,20260901_173507,ROT_RIGHT,0.375,-0.6212402023593313,-0.008985931649910711,True,True
4,20260901_173507,ROT_RIGHT,0.4690000000009604,-0.5272402023583709,0.025694639740592107,True,True
4,20260901_173507,ROT_RIGHT,0.5779999999977008,-0.4182402023616305,0.16793562429229486,True,True
4,20260901_173507,ROT_RIGHT,0.6719999999986612,-0.3242402023606701,0.21657699978696665,True,True
4,20260901_173507,ROT_RIGHT,0.7659999999996217,-0.23024020235970966,0.13105322054266766,True,True
4,20260901_173507,ROT_RIGHT,0.875,-0.1212402023593313,0.17251494731302996,True,True
4,20260901_173507,ROT_RIGHT,0.9850000000005821,-0.01124020235874923,0.22281562262465937,True,True
4,20260901_173507,ROT_RIGHT,1.0779999999977008,0.08175979763836949,0.21666986902875307,True,True
4,20260901_173507,ROT_RIGHT,1.1719999999986612,0.17575979763932992,0.2573064826498455,True,True
4,20260901_173507,ROT_RIGHT,1.2659999999996217,0.26975979764029034,0.48783725145969165,True,True
4,20260901_173507,ROT_RIGHT,1.360000000000582,0.36375979764125077,0.7964670789582433,True,True
4,20260901_173507,ROT_RIGHT,1.4690000000009604,0.4727597976416291,1.2121604909431387,True,True
4,20260901_173507,ROT_RIGHT,1.5779999999977008,0.5817597976383695,1.651412406704541,True,True
4,20260901_173507,ROT_RIGHT,1.6879999999982829,0.6917597976389516,2.525644687975476,True,True
4,20260901_173507,ROT_RIGHT,1.7819999999992433,0.785759797639912,3.471621253895748,True,True
4,20260901_173507,ROT_RIGHT,1.875,0.8787597976406687,4.612426313623473,True,True
4,20260901_173507,ROT_RIGHT,1.9690000000009604,0.9727597976416291,6.598124661970075,True,True
4,20260901_173507,ROT_RIGHT,2.077999999997701,1.0817597976383695,8.221494097718066,False,True
4,20260901_173507,ROT_RIGHT,2.1719999999986612,1.17575979763933,10.921820393399525,False,True
4,20260901_173507,ROT_RIGHT,2.2659999999996217,1.2697597976402903,12.723968537494404,False,True
4,20260901_173507,ROT_RIGHT,2.375,1.3787597976406687,13.72533931985927,False,True
4,20260901_173507,ROT_RIGHT,2.4690000000009604,1.4727597976416291,14.609551047596325,False,True
4,20260901_173507,ROT_RIGHT,2.562999999998283,1.5667597976389516,14.012278840173208,False,True
4,20260901_173507,ROT_RIGHT,2.6569999999992433,1.660759797639912,13.033744647467973,False,True
4,20260901_173507,ROT_RIGHT,2.7659999999996217,1.7697597976402903,12.97780421005388,False,True
4,20260901_173507,ROT_RIGHT,2.875,1.8787597976406687,13.958109055525911,False,True
4,20260901_173507,ROT_RIGHT,2.9690000000009604,1.9727597976416291,13.9313297907311,False,True
4,20260901_173507,ROT_RIGHT,3.077999999997701,2.0817597976383695,13.822777274292237,False,True
4,20260901_173507,ROT_RIGHT,3.202999999997701,2.2067597976383695,13.751083733165366,False,True
4,20260901_173507,ROT_RIGHT,3.312999999998283,2.3167597976389516,13.927927708363688,False,True
4,20260901_173507,ROT_RIGHT,3.4069999999992433,2.410759797639912,13.822319404244517,False,True
4,20260901_173507,ROT_RIGHT,3.5159999999996217,2.5197597976402903,13.815161042068931,False,True
4,20260901_173507,ROT_RIGHT,3.610000000000582,2.6137597976412508,13.869446987430889,False,True
4,20260901_173507,ROT_RIGHT,3.7190000000009604,2.722759797641629,13.92405631679659,False,True
4,20260901_173507,ROT_RIGHT,3.812999999998283,2.8167597976389516,13.805172636620958,False,True
4,20260901_173507,ROT_RIGHT,3.9219999999986612,2.92575979763933,13.9558700434626,False,True
4,20260901_173507,ROT_RIGHT,4.015999999999622,3.0197597976402903,13.969133707469538,False,True
4,20260901_173507,ROT_RIGHT,4.125,3.1287597976406687,13.81189294701796,False,True
4,20260901_173507,ROT_RIGHT,4.21900000000096,3.222759797641629,13.867088384245491,False,True
4,20260901_173507,ROT_RIGHT,4.312999999998283,3.3167597976389516,14.072106161571613,False,True
4,20260901_173507,ROT_RIGHT,4.421999999998661,3.42575979763933,14.066212076304446,False,True
4,20260901_173507,ROT_RIGHT,4.515999999999622,3.5197597976402903,14.094120435982525,False,True
4,20260901_173507,ROT_RIGHT,4.625,3.6287597976406687,14.009172782518187,False,True
4,20260901_173507,ROT_RIGHT,4.71900000000096,3.722759797641629,13.990884894539217,False,True
4,20260901_173507,ROT_RIGHT,4.812999999998283,3.8167597976389516,13.85965731772332,False,True
4,20260901_173507,ROT_RIGHT,4.921999999998661,3.92575979763933,13.937911861746139,False,True
4,20260901_173507,ROT_RIGHT,5.015999999999622,4.01975979764029,13.947416219337299,False,True
4,20260901_173507,ROT_RIGHT,5.110000000000582,4.113759797641251,13.900345226086367,False,True
4,20260901_173507,ROT_RIGHT,5.21900000000096,4.222759797641629,13.894370746948123,False,True
4,20260901_173507,ROT_RIGHT,5.312999999998283,4.316759797638952,13.902155824843073,False,True
4,20260901_173507,ROT_RIGHT,5.406999999999243,4.410759797639912,13.844742500305728,False,True
4,20260901_173507,ROT_RIGHT,5.515999999999622,4.51975979764029,13.842595602381175,False,True
4,20260901_173507,ROT_RIGHT,5.610000000000582,4.613759797641251,13.809764562290056,False,True
4,20260901_173507,ROT_RIGHT,5.702999999997701,4.7067597976383695,13.790120527783614,False,True
4,20260901_173507,ROT_RIGHT,5.812999999998283,4.816759797638952,13.77566669599857,False,True
4,20260901_173507,ROT_RIGHT,5.921999999998661,4.92575979763933,13.777388928845069,False,True
4,20260901_173507,ROT_RIGHT,6.015999999999622,5.01975979764029,13.811936377308204,False,True
4,20260901_173507,ROT_RIGHT,6.110000000000582,5.113759797641251,13.996853517126306,False,True
4,20260901_173507,ROT_RIGHT,6.202999999997701,5.2067597976383695,13.933267481986272,False,True
4,20260901_173507,ROT_RIGHT,6.312999999998283,5.316759797638952,13.9171288959496,False,True
4,20260901_173507,ROT_RIGHT,6.421999999998661,5.42575979763933,13.743904588629178,False,True
4,20260901_173507,ROT_RIGHT,6.515999999999622,5.51975979764029,13.999907526980184,False,True
4,20260901_173507,ROT_RIGHT,6.640999999999622,5.64475979764029,14.0180265858886,False,True
4,20260901_173507,ROT_RIGHT,6.75,5.753759797640669,14.090210060275906,False,True
4,20260901_173507,ROT_RIGHT,6.860000000000582,5.863759797641251,13.910824228249258,False,True
4,20260901_173507,ROT_RIGHT,6.96900000000096,5.972759797641629,13.86896650102205,False,True
5,20260901_173507,ROT_LEFT,-1.1879999999982829,-1.8795643873199879,0.13328531341509908,True,True
5,20260901_173507,ROT_LEFT,-1.0940000000009604,-1.7855643873226654,0.11889977783336114,True,True
5,20260901_173507,ROT_LEFT,-1.0,-1.691564387321705,0.08176523041225536,True,True
5,20260901_173507,ROT_LEFT,-0.8909999999996217,-1.5825643873213266,0.02033060228366068,True,True
5,20260901_173507,ROT_LEFT,-0.7819999999992433,-1.4735643873209483,-0.011401163909821932,True,True
5,20260901_173507,ROT_LEFT,-0.6879999999982829,-1.3795643873199879,-0.10861245112298157,True,True
5,20260901_173507,ROT_LEFT,-0.5940000000009604,-1.2855643873226654,-0.047940659551715115,True,True
5,20260901_173507,ROT_LEFT,-0.5,-1.191564387321705,-0.010232095795387863,True,True
5,20260901_173507,ROT_LEFT,-0.39099999999962165,-1.0825643873213266,0.0837165434813123,True,True
5,20260901_173507,ROT_LEFT,-0.2969999999986612,-0.9885643873203662,-0.0,True,True
5,20260901_173507,ROT_LEFT,-0.2040000000015425,-0.8955643873232475,-0.06126480775618859,True,True
5,20260901_173507,ROT_LEFT,-0.11000000000058208,-0.8015643873222871,-0.0329524385557729,True,True
5,20260901_173507,ROT_LEFT,-0.0319999999992433,-0.7235643873209483,0.06430957073771992,True,True
5,20260901_173507,ROT_LEFT,0.07800000000133878,-0.6135643873203662,-0.03835388750935209,True,True
5,20260901_173507,ROT_LEFT,0.18700000000171713,-0.5045643873199879,0.2676028610506833,True,True
5,20260901_173507,ROT_LEFT,0.3120000000017171,-0.3795643873199879,0.31881958533188737,True,True
5,20260901_173507,ROT_LEFT,0.4209999999984575,-0.2705643873232475,0.35925728761933584,True,True
5,20260901_173507,ROT_LEFT,0.5309999999990396,-0.16056438732266543,0.3040097520206544,True,True
5,20260901_173507,ROT_LEFT,0.6559999999990396,-0.035564387322665425,0.26522770657765626,True,True
5,20260901_173507,ROT_LEFT,0.7649999999994179,0.07343561267771292,0.3563339247596584,True,True
5,20260901_173507,ROT_LEFT,0.8590000000003783,0.16743561267867335,0.20757484643802115,True,True
5,20260901_173507,ROT_LEFT,0.9680000000007567,0.2764356126790517,0.19598072490039087,True,True
5,20260901_173507,ROT_LEFT,1.0620000000017171,0.3704356126800121,0.3823369945803723,True,True
5,20260901_173507,ROT_LEFT,1.1559999999990396,0.4644356126773346,1.0702346813139272,True,True
5,20260901_173507,ROT_LEFT,1.264999999999418,0.5734356126777129,1.2815993415741698,True,True
5,20260901_173507,ROT_LEFT,1.3590000000003783,0.6674356126786734,1.5548326630902416,True,True
5,20260901_173507,ROT_LEFT,1.4680000000007567,0.7764356126790517,1.8785433834109497,True,True
5,20260901_173507,ROT_LEFT,1.5780000000013388,0.8864356126796338,2.6079635949922366,True,True
5,20260901_173507,ROT_LEFT,1.6709999999984575,0.9794356126767525,3.507954972703482,True,True
5,20260901_173507,ROT_LEFT,1.7809999999990396,1.0894356126773346,4.508393855745311,True,True
5,20260901_173507,ROT_LEFT,1.889999999999418,1.198435612677713,6.673417018934146,True,True
5,20260901_173507,ROT_LEFT,2.0,1.308435612678295,8.662119087630089,False,True
5,20260901_173507,ROT_LEFT,2.0930000000007567,1.4014356126790517,10.953444462963677,False,True
5,20260901_173507,ROT_LEFT,2.187000000001717,1.4954356126800121,11.66703066320867,False,True
5,20260901_173507,ROT_LEFT,2.2809999999990396,1.5894356126773346,12.082312988613578,False,True
5,20260901_173507,ROT_LEFT,2.389999999999418,1.698435612677713,11.236906684760392,False,True
5,20260901_173507,ROT_LEFT,2.4840000000003783,1.7924356126786734,11.04801401340168,False,True
5,20260901_173507,ROT_LEFT,2.5780000000013388,1.8864356126796338,11.419334236328195,False,True
5,20260901_173507,ROT_LEFT,2.687000000001717,1.9954356126800121,11.694801028094634,False,True
5,20260901_173507,ROT_LEFT,2.7959999999984575,2.1044356126767525,11.408826162948019,False,True
5,20260901_173507,ROT_LEFT,2.889999999999418,2.198435612677713,11.197851332929638,False,True
5,20260901_173507,ROT_LEFT,2.9840000000003783,2.2924356126786734,11.26853385142136,False,True
5,20260901_173507,ROT_LEFT,3.0930000000007567,2.4014356126790517,11.339350959970213,False,True
5,20260901_173507,ROT_LEFT,3.187000000001717,2.495435612680012,11.35813070552047,False,True
5,20260901_173507,ROT_LEFT,3.2809999999990396,2.5894356126773346,11.268852645691302,False,True
5,20260901_173507,ROT_LEFT,3.375,2.683435612678295,11.314907312966877,False,True
5,20260901_173507,ROT_LEFT,3.4840000000003783,2.7924356126786734,11.375097895210573,False,True
5,20260901_173507,ROT_LEFT,3.562000000001717,2.870435612680012,11.325398441377112,False,True
5,20260901_173507,ROT_LEFT,3.6709999999984575,2.9794356126767525,11.319854960775645,False,True
5,20260901_173507,ROT_LEFT,3.764999999999418,3.073435612677713,11.389435605845868,False,True
5,20260901_173507,ROT_LEFT,3.8590000000003783,3.1674356126786734,11.34291450128126,False,True
5,20260901_173507,ROT_LEFT,3.9680000000007567,3.2764356126790517,11.33621828670705,False,True
5,20260901_173507,ROT_LEFT,4.062000000001717,3.370435612680012,11.37943397579125,False,True
5,20260901_173507,ROT_LEFT,4.15599999999904,3.4644356126773346,11.35232870581595,False,True
5,20260901_173507,ROT_LEFT,4.2959999999984575,3.6044356126767525,11.34977279774826,False,True
5,20260901_173507,ROT_LEFT,4.389999999999418,3.698435612677713,11.410631779014896,False,True
5,20260901_173507,ROT_LEFT,4.484000000000378,3.7924356126786734,11.356371980121686,False,True
5,20260901_173507,ROT_LEFT,4.593000000000757,3.9014356126790517,11.371012167743416,False,True
5,20260901_173507,ROT_LEFT,4.687000000001717,3.995435612680012,11.398660832244524,False,True
5,20260901_173507,ROT_LEFT,4.78099999999904,4.089435612677335,11.36784558067195,False,True
5,20260901_173507,ROT_LEFT,4.875,4.183435612678295,11.39132442410969,False,True
5,20260901_173507,ROT_LEFT,4.968000000000757,4.276435612679052,11.411058818206506,False,True
5,20260901_173507,ROT_LEFT,5.062000000001717,4.370435612680012,11.398791587810345,False,True
5,20260901_173507,ROT_LEFT,5.1709999999984575,4.4794356126767525,11.378028549627043,False,True
5,20260901_173507,ROT_LEFT,5.2959999999984575,4.6044356126767525,11.390781495994775,False,True
5,20260901_173507,ROT_LEFT,5.40599999999904,4.714435612677335,11.392222110193002,False,True
5,20260901_173507,ROT_LEFT,5.514999999999418,4.823435612677713,11.388760692656701,False,True
5,20260901_173507,ROT_LEFT,5.625,4.933435612678295,11.397508205892933,False,True
5,20260901_173507,ROT_LEFT,5.703000000001339,5.011435612679634,11.38053495252222,False,True
5,20260901_173507,ROT_LEFT,5.7959999999984575,5.1044356126767525,11.342127851370485,False,True
5,20260901_173507,ROT_LEFT,5.90599999999904,5.214435612677335,11.365499050793144,False,True
5,20260901_173507,ROT_LEFT,6.0,5.308435612678295,11.346990097261337,False,True
5,20260901_173507,ROT_LEFT,6.109000000000378,5.417435612678673,11.332179372015592,False,True
5,20260901_173507,ROT_LEFT,6.218000000000757,5.526435612679052,11.343070474936459,False,True
5,20260901_173507,ROT_LEFT,6.328000000001339,5.636435612679634,11.396824592622071,False,True
5,20260901_173507,ROT_LEFT,6.437000000001717,5.745435612680012,11.420295702383912,False,True
5,20260901_173507,ROT_LEFT,6.53099999999904,5.839435612677335,11.396409697252667,False,True
5,20260901_173507,ROT_LEFT,6.639999999999418,5.948435612677713,11.451740550107758,False,True
5,20260901_173507,ROT_LEFT,6.734000000000378,6.042435612678673,11.395393478937422,False,True
5,20260901_173507,ROT_LEFT,6.843000000000757,6.151435612679052,11.373171494427359,False,True
6,20260901_173507,ROT_RIGHT,-1.125,-2.308535563886835,0.004214060409843512,True,True
6,20260901_173507,ROT_RIGHT,-1.0159999999996217,-2.1995355638864567,-0.03191651863940281,True,True
6,20260901_173507,ROT_RIGHT,-0.8909999999996217,-2.0745355638864567,-0.02577802324138423,True,True
6,20260901_173507,ROT_RIGHT,-0.7969999999986612,-1.9805355638854962,-0.027632799335208347,True,True
6,20260901_173507,ROT_RIGHT,-0.7030000000013388,-1.8865355638881738,-0.028904898349058517,True,True
6,20260901_173507,ROT_RIGHT,-0.6090000000003783,-1.7925355638872134,0.010916005071109236,True,True
6,20260901_173507,ROT_RIGHT,-0.5,-1.683535563886835,-0.0006785500535717581,True,True
6,20260901_173507,ROT_RIGHT,-0.4219999999986612,-1.6055355638854962,0.015664294662517175,True,True
6,20260901_173507,ROT_RIGHT,-0.3280000000013388,-1.5115355638881738,0.03539143735636863,True,True
6,20260901_173507,ROT_RIGHT,-0.21900000000096043,-1.4025355638877954,0.048177893494942836,True,True
6,20260901_173507,ROT_RIGHT,-0.125,-1.308535563886835,-0.0075160510406773184,True,True
6,20260901_173507,ROT_RIGHT,-0.01599999999962165,-1.1995355638864567,0.0006785500535717581,True,True
6,20260901_173507,ROT_RIGHT,0.07800000000133878,-1.1055355638854962,-0.013682507264712651,True,True
6,20260901_173507,ROT_RIGHT,0.17199999999866122,-1.0115355638881738,-0.022603847267491428,True,True
6,20260901_173507,ROT_RIGHT,0.2809999999990396,-0.9025355638877954,-0.05545455274723832,True,True
6,20260901_173507,ROT_RIGHT,0.375,-0.808535563886835,-0.039963591853134695,True,True
6,20260901_173507,ROT_RIGHT,0.4690000000009604,-0.7145355638858746,-0.03137709559700719,True,True
6,20260901_173507,ROT_RIGHT,0.5780000000013388,-0.6055355638854962,0.0458563629432609,True,True
6,20260901_173507,ROT_RIGHT,0.6719999999986612,-0.5115355638881738,0.13458016990845323,True,True
6,20260901_173507,ROT_RIGHT,0.7659999999996217,-0.41753556388721336,0.006687657289937032,True,True
6,20260901_173507,ROT_RIGHT,0.875,-0.308535563886835,0.011122114438330222,True,True
6,20260901_173507,ROT_RIGHT,0.9690000000009604,-0.21453556388587458,0.07943044026809432,True,True
6,20260901_173507,ROT_RIGHT,1.0619999999980791,-0.12153556388875586,0.09253103611001645,True,True
6,20260901_173507,ROT_RIGHT,1.1559999999990396,-0.027535563887795433,0.14445635710934424,True,True
6,20260901_173507,ROT_RIGHT,1.2659999999996217,0.08246443611278664,0.23384303028320907,True,True
6,20260901_173507,ROT_RIGHT,1.375,0.191464436113165,0.4413650232413713,True,True
6,20260901_173507,ROT_RIGHT,1.4690000000009604,0.2854644361141254,0.524436613737687,True,True
6,20260901_173507,ROT_RIGHT,1.5780000000013388,0.39446443611450377,0.9091718861127376,True,True
6,20260901_173507,ROT_RIGHT,1.6719999999986612,0.4884644361118262,1.8174246422756521,True,True
6,20260901_173507,ROT_RIGHT,1.7809999999990396,0.5974644361122046,3.324706631785582,True,True
6,20260901_173507,ROT_RIGHT,1.875,0.691464436113165,5.0242231802592325,True,True
6,20260901_173507,ROT_RIGHT,1.9840000000003783,0.8004644361135433,7.019940534785153,False,True
6,20260901_173507,ROT_RIGHT,2.0940000000009604,0.9104644361141254,7.719764336682662,False,True
6,20260901_173507,ROT_RIGHT,2.1719999999986612,0.9884644361118262,10.309652034947112,False,True
6,20260901_173507,ROT_RIGHT,2.2969999999986612,1.1134644361118262,10.518521771721167,False,True
6,20260901_173507,ROT_RIGHT,2.3909999999996217,1.2074644361127866,9.702223904930744,False,True
6,20260901_173507,ROT_RIGHT,2.5,1.316464436113165,8.95915497268942,False,True
6,20260901_173507,ROT_RIGHT,2.5940000000009604,1.4104644361141254,9.232730780108463,False,True
6,20260901_173507,ROT_RIGHT,2.686999999998079,1.5034644361112441,9.744597475527456,False,True
6,20260901_173507,ROT_RIGHT,2.7809999999990396,1.5974644361122046,9.653549040125217,False,True
6,20260901_173507,ROT_RIGHT,2.875,1.691464436113165,9.474784405194903,False,True
6,20260901_173507,ROT_RIGHT,2.9840000000003783,1.8004644361135433,9.46172414200609,False,True
6,20260901_173507,ROT_RIGHT,3.061999999998079,1.8784644361112441,9.472732541299049,False,True
6,20260901_173507,ROT_RIGHT,3.1719999999986612,1.9884644361118262,9.578944340876049,False,True
6,20260901_173507,ROT_RIGHT,3.2659999999996217,2.0824644361127866,9.553106562374747,False,True
6,20260901_173507,ROT_RIGHT,3.375,2.191464436113165,9.533802862775635,False,True
6,20260901_173507,ROT_RIGHT,3.4690000000009604,2.2854644361141254,9.517050390995239,False,True
6,20260901_173507,ROT_RIGHT,3.561999999998079,2.378464436111244,9.526167975790505,False,True
6,20260901_173507,ROT_RIGHT,3.6719999999986612,2.488464436111826,9.457409092411437,False,True
6,20260901_173507,ROT_RIGHT,3.7659999999996217,2.5824644361127866,9.513457942485557,False,True
6,20260901_173507,ROT_RIGHT,3.875,2.691464436113165,9.523927787951976,False,True
6,20260901_173507,ROT_RIGHT,3.9690000000009604,2.7854644361141254,9.510474487932676,False,True
6,20260901_173507,ROT_RIGHT,4.061999999998079,2.878464436111244,9.501010851548273,False,True
6,20260901_173507,ROT_RIGHT,4.186999999998079,3.003464436111244,9.511945903500825,False,True
6,20260901_173507,ROT_RIGHT,4.265999999999622,3.0824644361127866,9.49204744622349,False,True
6,20260901_173507,ROT_RIGHT,4.390999999999622,3.2074644361127866,9.518422868749175,False,True
6,20260901_173507,ROT_RIGHT,4.46900000000096,3.2854644361141254,9.526324529073547,False,True
6,20260901_173507,ROT_RIGHT,4.578000000001339,3.3944644361145038,9.491690015859561,False,True
6,20260901_173507,ROT_RIGHT,4.671999999998661,3.488464436111826,9.536669954439855,False,True
6,20260901_173507,ROT_RIGHT,4.765999999999622,3.5824644361127866,9.530964416304132,False,True
6,20260901_173507,ROT_RIGHT,4.875,3.691464436113165,9.512361775327623,False,True
6,20260901_173507,ROT_RIGHT,4.96900000000096,3.7854644361141254,9.502903968244006,False,True
6,20260901_173507,ROT_RIGHT,5.078000000001339,3.8944644361145038,9.537448550258416,False,True
6,20260901_173507,ROT_RIGHT,5.171999999998661,3.988464436111826,9.520162366574507,False,True
6,20260901_173507,ROT_RIGHT,5.28099999999904,4.097464436112205,9.496688508135533,False,True
6,20260901_173507,ROT_RIGHT,5.375,4.191464436113165,9.515848439446602,False,True
6,20260901_173507,ROT_RIGHT,5.453000000001339,4.269464436114504,9.519125263806195,False,True
6,20260901_173507,ROT_RIGHT,5.561999999998079,4.378464436111244,9.4795312672132,False,True
6,20260901_173507,ROT_RIGHT,5.65599999999904,4.472464436112205,9.504575110473803,False,True
6,20260901_173507,ROT_RIGHT,5.765999999999622,4.582464436112787,9.535334861090535,False,True
6,20260901_173507,ROT_RIGHT,5.859000000000378,4.675464436113543,9.54479849684969,False,True
6,20260901_173507,ROT_RIGHT,5.953000000001339,4.769464436114504,9.551203062644479,False,True
6,20260901_173507,ROT_RIGHT,6.046999999998661,4.863464436111826,9.535129578644396,False,True
6,20260901_173507,ROT_RIGHT,6.186999999998079,5.003464436111244,9.531839207053753,False,True
6,20260901_173507,ROT_RIGHT,6.311999999998079,5.128464436111244,9.50218857031419,False,True
6,20260901_173507,ROT_RIGHT,6.421999999998661,5.238464436111826,9.530598136004574,False,True
6,20260901_173507,ROT_RIGHT,6.515999999999622,5.332464436112787,9.525040357221954,False,True
6,20260901_173507,ROT_RIGHT,6.609000000000378,5.425464436113543,9.513525560454148,False,True
6,20260901_173507,ROT_RIGHT,6.703000000001339,5.519464436114504,9.524102583788471,False,True
6,20260901_173507,ROT_RIGHT,6.796999999998661,5.613464436111826,9.499810078604364,False,True
6,20260901_173507,ROT_RIGHT,6.90599999999904,5.722464436112205,9.51207552865879,False,True
7,20260901_174342,ROT_RIGHT,-1.1869999999980791,-2.225261648251035,0.0,True,True
7,20260901_174342,ROT_RIGHT,-1.0779999999977008,-2.1162616482506564,-0.003916566428879165,True,True
7,20260901_174342,ROT_RIGHT,-0.9839999999967404,-2.022261648249696,0.015908179577986736,True,True
7,20260901_174342,ROT_RIGHT,-0.8899999999994179,-1.9282616482523736,0.0021532305525848727,True,True
7,20260901_174342,ROT_RIGHT,-0.7959999999984575,-1.8342616482514131,0.008934159612744352,True,True
7,20260901_174342,ROT_RIGHT,-0.6869999999980791,-1.7252616482510348,-0.0018101019264857854,True,True
7,20260901_174342,ROT_RIGHT,-0.5929999999971187,-1.6312616482500744,0.0018689492940664465,True,True
7,20260901_174342,ROT_RIGHT,-0.5149999999994179,-1.5532616482523736,-0.0005779176659270746,True,True
7,20260901_174342,ROT_RIGHT,-0.4059999999990396,-1.4442616482519952,-0.012890047214619393,True,True
7,20260901_174342,ROT_RIGHT,-0.31199999999807915,-1.3502616482510348,-0.015599748486200049,True,True
7,20260901_174342,ROT_RIGHT,-0.21799999999711872,-1.2562616482500744,-0.0013525142917840682,True,True
7,20260901_174342,ROT_RIGHT,-0.125,-1.1632616482529556,0.015066040717091944,True,True
7,20260901_174342,ROT_RIGHT,-0.014999999999417923,-1.0532616482523736,0.010322662809076455,True,True
7,20260901_174342,ROT_RIGHT,0.09400000000096043,-0.9442616482519952,-0.027173520959476782,True,True
7,20260901_174342,ROT_RIGHT,0.2040000000015425,-0.8342616482514131,-0.0002896344246519078,True,True
7,20260901_174342,ROT_RIGHT,0.2970000000022992,-0.7412616482506564,0.019018908653273492,True,True
7,20260901_174342,ROT_RIGHT,0.4070000000028813,-0.6312616482500744,0.020542808000930002,True,True
7,20260901_174342,ROT_RIGHT,0.5,-0.5382616482529556,0.006507167735029462,True,True
7,20260901_174342,ROT_RIGHT,0.5940000000009604,-0.4442616482519952,-0.027386338361675477,True,True
7,20260901_174342,ROT_RIGHT,0.7040000000015425,-0.33426164825141313,-0.03743761618050723,True,True
7,20260901_174342,ROT_RIGHT,0.8130000000019209,-0.22526164825103479,0.0037554192008153464,True,True
7,20260901_174342,ROT_RIGHT,0.9070000000028813,-0.13126164825007436,0.02341968953026452,True,True
7,20260901_174342,ROT_RIGHT,1.0,-0.03826164825295564,0.10053890760971829,True,True
7,20260901_174342,ROT_RIGHT,1.0940000000009604,0.05573835174800479,0.21849581347942149,True,True
7,20260901_174342,ROT_RIGHT,1.2040000000015425,0.16573835174858687,0.42522409443362186,True,True
7,20260901_174342,ROT_RIGHT,1.2970000000022992,0.25873835174934356,0.9456765656781103,True,True
7,20260901_174342,ROT_RIGHT,1.4070000000028813,0.36873835174992564,1.5126856327731213,True,True
7,20260901_174342,ROT_RIGHT,1.5,0.46173835174704436,2.2522926796599734,True,True
7,20260901_174342,ROT_RIGHT,1.5940000000009604,0.5557383517480048,3.1426004064004838,True,True
7,20260901_174342,ROT_RIGHT,1.7040000000015425,0.6657383517485869,4.534525927217808,True,True
7,20260901_174342,ROT_RIGHT,1.8130000000019209,0.7747383517489652,6.027553966639382,True,True
7,20260901_174342,ROT_RIGHT,1.9070000000028813,0.8687383517499256,8.781598104001297,False,True
7,20260901_174342,ROT_RIGHT,2.0160000000032596,0.977738351750304,10.372708802689445,False,True
7,20260901_174342,ROT_RIGHT,2.110000000000582,1.0717383517476264,12.64422153613734,False,True
7,20260901_174342,ROT_RIGHT,2.2040000000015425,1.1657383517485869,13.061821139615315,False,True
7,20260901_174342,ROT_RIGHT,2.313000000001921,1.2747383517489652,13.658059623376815,False,True
7,20260901_174342,ROT_RIGHT,2.422000000002299,1.3837383517493436,13.261537129372776,False,True
7,20260901_174342,ROT_RIGHT,2.5160000000032596,1.477738351750304,13.057032003274152,False,True
7,20260901_174342,ROT_RIGHT,2.610000000000582,1.5717383517476264,12.821122326218656,False,True
7,20260901_174342,ROT_RIGHT,2.7040000000015425,1.6657383517485869,13.491110717711347,False,True
7,20260901_174342,ROT_RIGHT,2.797000000002299,1.7587383517493436,13.062049743903895,False,True
7,20260901_174342,ROT_RIGHT,2.9070000000028813,1.8687383517499256,13.151010953811376,False,True
7,20260901_174342,ROT_RIGHT,3.0,1.9617383517470444,12.869779475669777,False,True
7,20260901_174342,ROT_RIGHT,3.125,2.0867383517470444,12.939186411270125,False,True
7,20260901_174342,ROT_RIGHT,3.2190000000009604,2.180738351748005,12.751956326008901,False,True
7,20260901_174342,ROT_RIGHT,3.313000000001921,2.274738351748965,12.875778781833205,False,True
7,20260901_174342,ROT_RIGHT,3.4070000000028813,2.3687383517499256,12.912198089530264,False,True
7,20260901_174342,ROT_RIGHT,3.5,2.4617383517470444,13.279392401751846,False,True
7,20260901_174342,ROT_RIGHT,3.610000000000582,2.5717383517476264,13.401944883854348,False,True
7,20260901_174342,ROT_RIGHT,3.7040000000015425,2.665738351748587,13.319634487726187,False,True
7,20260901_174342,ROT_RIGHT,3.797000000002299,2.7587383517493436,13.292152812765252,False,True
7,20260901_174342,ROT_RIGHT,3.8910000000032596,2.852738351750304,13.149723464366676,False,True
7,20260901_174342,ROT_RIGHT,3.985000000000582,2.9467383517476264,13.192815718668701,False,True
7,20260901_174342,ROT_RIGHT,4.125,3.0867383517470444,13.159718152194223,False,True
7,20260901_174342,ROT_RIGHT,4.21900000000096,3.180738351748005,13.137556343949186,False,True
7,20260901_174342,ROT_RIGHT,4.3290000000015425,3.290738351748587,13.11781170432835,False,True
7,20260901_174342,ROT_RIGHT,4.407000000002881,3.3687383517499256,13.032414409919095,False,True
7,20260901_174342,ROT_RIGHT,4.51600000000326,3.477738351750304,13.145580099931902,False,True
7,20260901_174342,ROT_RIGHT,4.610000000000582,3.5717383517476264,13.117309666063456,False,True
7,20260901_174342,ROT_RIGHT,4.7040000000015425,3.665738351748587,12.962961740633833,False,True
7,20260901_174342,ROT_RIGHT,4.813000000001921,3.774738351748965,12.989411236541699,False,True
7,20260901_174342,ROT_RIGHT,4.907000000002881,3.8687383517499256,12.942963106612211,False,True
7,20260901_174342,ROT_RIGHT,5.01600000000326,3.977738351750304,13.240519884356562,False,True
7,20260901_174342,ROT_RIGHT,5.14100000000326,4.102738351750304,13.15505624287358,False,True
7,20260901_174342,ROT_RIGHT,5.21900000000096,4.180738351748005,13.116952681808467,False,True
7,20260901_174342,ROT_RIGHT,5.313000000001921,4.274738351748965,13.082263389402776,False,True
7,20260901_174342,ROT_RIGHT,5.438000000001921,4.399738351748965,13.03152521875662,False,True
7,20260901_174342,ROT_RIGHT,5.51600000000326,4.477738351750304,12.97651810966505,False,True
7,20260901_174342,ROT_RIGHT,5.625,4.586738351747044,13.058374660809505,False,True
7,20260901_174342,ROT_RIGHT,5.71900000000096,4.680738351748005,13.057947209343517,False,True
7,20260901_174342,ROT_RIGHT,5.813000000001921,4.774738351748965,13.154695344211046,False,True
7,20260901_174342,ROT_RIGHT,5.922000000002299,4.883738351749344,13.14800055459779,False,True
7,20260901_174342,ROT_RIGHT,6.01600000000326,4.977738351750304,13.0033846041703,False,True
7,20260901_174342,ROT_RIGHT,6.157000000002881,5.118738351749926,13.08426722818066,False,True
7,20260901_174342,ROT_RIGHT,6.26600000000326,5.227738351750304,12.995859177110539,False,True
7,20260901_174342,ROT_RIGHT,6.360000000000582,5.321738351747626,12.905866411114971,False,True
7,20260901_174342,ROT_RIGHT,6.4540000000015425,5.415738351748587,13.152794474895021,False,True
7,20260901_174342,ROT_RIGHT,6.563000000001921,5.524738351748965,13.17313235822705,False,True
7,20260901_174342,ROT_RIGHT,6.657000000002881,5.618738351749926,13.196377794332005,False,True
7,20260901_174342,ROT_RIGHT,6.75,5.711738351747044,13.188722950810483,False,True
8,20260901_174342,ROT_LEFT,-1.110000000000582,-2.4283542103767104,-0.33222450483606636,True,False
8,20260901_174342,ROT_LEFT,-1.0159999999996217,-2.33435421037575,-0.19371161530866132,True,False
8,20260901_174342,ROT_LEFT,-0.9219999999986612,-2.2403542103747895,-0.19824564598225436,True,False
8,20260901_174342,ROT_LEFT,-0.8290000000015425,-2.147354210377671,-0.2416982598715336,True,False
8,20260901_174342,ROT_LEFT,-0.7350000000005821,-2.0533542103767104,-0.0020858588569865333,True,False
8,20260901_174342,ROT_LEFT,-0.625,-1.9433542103761283,0.05595017530499291,True,False
8,20260901_174342,ROT_LEFT,-0.5469999999986612,-1.8653542103747895,-0.049005592254825814,True,False
8,20260901_174342,ROT_LEFT,-0.4219999999986612,-1.7403542103747895,0.0020858588569829806,True,False
8,20260901_174342,ROT_LEFT,-0.3290000000015425,-1.6473542103776708,0.1394920958886985,True,False
8,20260901_174342,ROT_LEFT,-0.23500000000058208,-1.5533542103767104,0.10873961747969574,True,False
8,20260901_174342,ROT_LEFT,-0.125,-1.4433542103761283,0.06814844003520193,True,False
8,20260901_174342,ROT_LEFT,-0.0319999999992433,-1.3503542103753716,0.20836774120351365,True,False
8,20260901_174342,ROT_LEFT,0.07800000000133878,-1.2403542103747895,0.26665473353588354,True,False
8,20260901_174342,ROT_LEFT,0.1709999999984575,-1.1473542103776708,0.13803404557846477,True,False
8,20260901_174342,ROT_LEFT,0.2649999999994179,-1.0533542103767104,0.2036506960422102,True,False
8,20260901_174342,ROT_LEFT,0.375,-0.9433542103761283,0.13000579875128437,True,False
8,20260901_174342,ROT_LEFT,0.48400000000037835,-0.83435421037575,0.503904091484241,True,False
8,20260901_174342,ROT_LEFT,0.5620000000017171,-0.7563542103744112,0.4602424876053135,True,False
8,20260901_174342,ROT_LEFT,0.6709999999984575,-0.6473542103776708,0.6865667307412551,True,False
8,20260901_174342,ROT_LEFT,0.7649999999994179,-0.5533542103767104,0.18981892903023478,True,False
8,20260901_174342,ROT_LEFT,0.875,-0.4433542103761283,0.167672715721789,True,False
8,20260901_174342,ROT_LEFT,0.9680000000007567,-0.3503542103753716,-0.212021252647137,True,False
8,20260901_174342,ROT_LEFT,1.0620000000017171,-0.2563542103744112,-0.10023068804628466,True,False
8,20260901_174342,ROT_LEFT,1.1559999999990396,-0.16235421037708875,-0.17244464108061663,True,False
8,20260901_174342,ROT_LEFT,1.2340000000003783,-0.08435421037574997,0.01639368225930582,True,False
8,20260901_174342,ROT_LEFT,1.3430000000007567,0.024645789624628378,0.06320693460554239,True,False
8,20260901_174342,ROT_LEFT,1.4370000000017171,0.1186457896255888,0.9394447268527344,True,False
8,20260901_174342,ROT_LEFT,1.5459999999984575,0.22764578962232918,1.6557839210526382,True,False
8,20260901_174342,ROT_LEFT,1.639999999999418,0.3216457896232896,3.1357159122222367,True,False
8,20260901_174342,ROT_LEFT,1.7340000000003783,0.41564578962425003,4.269073719015886,True,False
8,20260901_174342,ROT_LEFT,1.8280000000013388,0.5096457896252105,6.55499313806761,True,False
8,20260901_174342,ROT_LEFT,1.9209999999984575,0.6026457896223292,8.48718330726048,True,False
8,20260901_174342,ROT_LEFT,2.014999999999418,0.6966457896232896,9.052513863138438,True,False
8,20260901_174342,ROT_LEFT,2.1090000000003783,0.79064578962425,7.620254515364133,True,False
8,20260901_174342,ROT_LEFT,2.2180000000007567,0.8996457896246284,7.444208960425769,True,False
8,20260901_174342,ROT_LEFT,2.312000000001717,0.9936457896255888,7.6959768946256855,True,False
8,20260901_174342,ROT_LEFT,2.389999999999418,1.0716457896232896,7.99624671978405,True,False
8,20260901_174342,ROT_LEFT,2.4840000000003783,1.16564578962425,7.963970301957765,True,False
8,20260901_174342,ROT_LEFT,2.5930000000007567,1.2746457896246284,7.672869166956241,True,False
8,20260901_174342,ROT_LEFT,2.687000000001717,1.3686457896255888,7.734208904346637,True,False
8,20260901_174342,ROT_LEFT,2.7809999999990396,1.4626457896229113,7.770798863052146,True,False
8,20260901_174342,ROT_LEFT,2.8590000000003783,1.54064578962425,7.692930955447219,True,False
8,20260901_174342,ROT_LEFT,2.9530000000013388,1.6346457896252105,7.696577189371647,True,False
8,20260901_174342,ROT_LEFT,3.0459999999984575,1.7276457896223292,7.697742580216991,True,False
8,20260901_174342,ROT_LEFT,3.1559999999990396,1.8376457896229113,7.62636652876499,True,False
8,20260901_174342,ROT_LEFT,3.264999999999418,1.9466457896232896,7.6738722806177275,True,False
8,20260901_174342,ROT_LEFT,3.3590000000003783,2.04064578962425,7.666889230451028,True,False
8,20260901_174342,ROT_LEFT,3.4530000000013388,2.1346457896252105,7.6778681254465795,True,False
8,20260901_174342,ROT_LEFT,3.5459999999984575,2.227645789622329,7.732276069476397,True,False
8,20260901_174342,ROT_LEFT,3.625,2.3066457896238717,7.737851980238249,True,False
8,20260901_174342,ROT_LEFT,3.7340000000003783,2.41564578962425,7.754611481419449,True,False
8,20260901_174342,ROT_LEFT,3.8280000000013388,2.5096457896252105,7.726953425125419,True,False
8,20260901_174342,ROT_LEFT,3.9209999999984575,2.602645789622329,7.710495190891844,True,False
8,20260901_174342,ROT_LEFT,4.014999999999418,2.6966457896232896,7.690347732002683,True,False
8,20260901_174342,ROT_LEFT,4.125,2.8066457896238717,7.709906034900568,True,False
8,20260901_174342,ROT_LEFT,4.218000000000757,2.8996457896246284,7.670399187050641,True,False
8,20260901_174342,ROT_LEFT,4.328000000001339,3.0096457896252105,7.671976081925175,True,False
8,20260901_174342,ROT_LEFT,4.437000000001717,3.118645789625589,7.619476467567026,True,False
8,20260901_174342,ROT_LEFT,4.53099999999904,3.2126457896229113,7.516387571903346,True,False
8,20260901_174342,ROT_LEFT,4.625,3.3066457896238717,7.5281853898314885,True,False
8,20260901_174342,ROT_LEFT,4.734000000000378,3.41564578962425,7.548894587484636,True,False
8,20260901_174342,ROT_LEFT,4.828000000001339,3.5096457896252105,7.552424611100378,True,False
8,20260901_174342,ROT_LEFT,4.9209999999984575,3.602645789622329,7.628457844054955,True,False
8,20260901_174342,ROT_LEFT,5.03099999999904,3.7126457896229113,7.715781307553872,True,False
8,20260901_174342,ROT_LEFT,5.109000000000378,3.79064578962425,7.840490037169133,True,False
8,20260901_174342,ROT_LEFT,5.218000000000757,3.8996457896246284,7.866375025132005,True,False
8,20260901_174342,ROT_LEFT,5.328000000001339,4.0096457896252105,7.969103566644778,True,False
8,20260901_174342,ROT_LEFT,5.4209999999984575,4.102645789622329,8.349707621679272,True,False
8,20260901_174342,ROT_LEFT,5.53099999999904,4.212645789622911,8.745559298094562,True,False
8,20260901_174342,ROT_LEFT,5.625,4.306645789623872,9.73428506703248,True,False
8,20260901_174342,ROT_LEFT,5.734000000000378,4.41564578962425,11.093373356245861,False,False
8,20260901_174342,ROT_LEFT,5.843000000000757,4.524645789624628,12.901953751621454,False,False
8,20260901_174342,ROT_LEFT,5.937000000001717,4.618645789625589,14.766965392990677,False,False
8,20260901_174342,ROT_LEFT,6.03099999999904,4.712645789622911,16.634348024310956,False,False
8,20260901_174342,ROT_LEFT,6.139999999999418,4.82164578962329,17.972268902607517,False,False
8,20260901_174342,ROT_LEFT,6.234000000000378,4.91564578962425,17.34156602165221,False,False
8,20260901_174342,ROT_LEFT,6.328000000001339,5.0096457896252105,16.48854031146462,False,False
8,20260901_174342,ROT_LEFT,6.437000000001717,5.118645789625589,16.567128851192777,False,False
8,20260901_174342,ROT_LEFT,6.5459999999984575,5.227645789622329,16.772623291160418,False,False
8,20260901_174342,ROT_LEFT,6.639999999999418,5.32164578962329,16.636317379031336,False,False
8,20260901_174342,ROT_LEFT,6.734000000000378,5.41564578962425,16.593386807638673,False,False
8,20260901_174342,ROT_LEFT,6.843000000000757,5.524645789624628,16.656121252496696,False,False
8,20260901_174342,ROT_LEFT,6.9209999999984575,5.602645789622329,16.6274269602629,False,False
8,20260901_174342,ROT_LEFT,7.03099999999904,5.712645789622911,16.631000939073157,False,False
8,20260901_174342,ROT_LEFT,7.109000000000378,5.79064578962425,16.646506769748896,False,False
8,20260901_174342,ROT_LEFT,7.203000000001339,5.8846457896252105,16.650848208307746,False,False
8,20260901_174342,ROT_LEFT,7.312000000001717,5.993645789625589,16.649257737899237,False,False
8,20260901_174342,ROT_LEFT,7.437000000001717,6.118645789625589,16.643605724598856,False,False
8,20260901_174342,ROT_LEFT,7.5459999999984575,6.227645789622329,16.654792336542577,False,False
8,20260901_174342,ROT_LEFT,7.639999999999418,6.32164578962329,16.640000293205414,False,False
8,20260901_174342,ROT_LEFT,7.734000000000378,6.41564578962425,16.655165921007256,False,False
8,20260901_174342,ROT_LEFT,7.828000000001339,6.5096457896252105,16.67220786879246,False,False
8,20260901_174342,ROT_LEFT,7.937000000001717,6.618645789625589,16.679677575281612,False,False
8,20260901_174342,ROT_LEFT,8.045999999998457,6.727645789622329,16.662148222904356,False,False
8,20260901_174342,ROT_LEFT,8.139999999999418,6.82164578962329,16.656617290414673,False,False
8,20260901_174342,ROT_LEFT,8.25,6.931645789623872,16.662275662267618,False,False
8,20260901_174342,ROT_LEFT,8.359000000000378,7.04064578962425,16.66073330808871,False,False
8,20260901_174342,ROT_LEFT,8.468000000000757,7.149645789624628,16.6764815832152,False,False
8,20260901_174342,ROT_LEFT,8.562000000001717,7.243645789625589,16.688247803915697,False,False
8,20260901_174342,ROT_LEFT,8.639999999999418,7.32164578962329,16.70290837293069,False,False
8,20260901_174342,ROT_LEFT,8.75,7.431645789623872,16.70546412139746,False,False
8,20260901_174342,ROT_LEFT,8.843000000000757,7.524645789624628,16.694120378441752,False,False
8,20260901_174342,ROT_LEFT,8.953000000001339,7.6346457896252105,16.714218813955167,False,False
8,20260901_174342,ROT_LEFT,9.045999999998457,7.727645789622329,16.63629383924105,False,False
8,20260901_174342,ROT_LEFT,9.139999999999418,7.82164578962329,16.65432391453483,False,False
8,20260901_174342,ROT_LEFT,9.25,7.931645789623872,16.64772698113901,False,False
8,20260901_174342,ROT_LEFT,9.343000000000757,8.024645789624628,16.68377536714637,False,False
8,20260901_174342,ROT_LEFT,9.437000000001717,8.118645789625589,16.628681823317184,False,False
8,20260901_174342,ROT_LEFT,9.545999999998457,8.22764578962233,16.631275951501635,False,False
8,20260901_174342,ROT_LEFT,9.625,8.306645789623872,16.617516821779024,False,False
8,20260901_174342,ROT_LEFT,9.718000000000757,8.399645789624628,16.632877767983253,False,False
8,20260901_174342,ROT_LEFT,9.828000000001339,8.50964578962521,16.65305044760657,False,False
8,20260901_174342,ROT_LEFT,9.920999999998457,8.60264578962233,16.625068567388457,False,False
8,20260901_174342,ROT_LEFT,10.014999999999418,8.69664578962329,16.632554092292974,False,False
8,20260901_174342,ROT_LEFT,10.109000000000378,8.79064578962425,16.640501370267454,False,False
8,20260901_174342,ROT_LEFT,10.218000000000757,8.899645789624628,16.684777072792752,False,False
8,20260901_174342,ROT_LEFT,10.312000000001717,8.993645789625589,16.690165199049343,False,False
8,20260901_174342,ROT_LEFT,10.437000000001717,9.118645789625589,16.69332645878497,False,False
8,20260901_174342,ROT_LEFT,10.53099999999904,9.212645789622911,16.691741393302024,False,False
8,20260901_174342,ROT_LEFT,10.625,9.306645789623872,16.705978583306354,False,False
9,20260901_174342,ROT_RIGHT,-1.1409999999996217,-1.846905077323754,0.04115895145279447,True,True
9,20260901_174342,ROT_RIGHT,-1.0469999999986612,-1.7529050773227937,0.04975303796089536,True,True
9,20260901_174342,ROT_RIGHT,-0.9380000000019209,-1.6439050773260533,0.00790901777985542,True,True
9,20260901_174342,ROT_RIGHT,-0.8440000000009604,-1.5499050773250929,-0.015052721471972563,True,True
9,20260901_174342,ROT_RIGHT,-0.75,-1.4559050773241324,-0.03737395139900057,True,True
9,20260901_174342,ROT_RIGHT,-0.6409999999996217,-1.346905077323754,-0.06768330070976525,True,True
9,20260901_174342,ROT_RIGHT,-0.5469999999986612,-1.2529050773227937,-0.046641274959279055,True,True
9,20260901_174342,ROT_RIGHT,-0.4219999999986612,-1.1279050773227937,0.002457378946366995,True,True
9,20260901_174342,ROT_RIGHT,-0.3280000000013388,-1.0339050773254712,0.00406997840937362,True,True
9,20260901_174342,ROT_RIGHT,-0.23400000000037835,-0.9399050773245108,0.023810823396612002,True,True
9,20260901_174342,ROT_RIGHT,-0.125,-0.8309050773241324,-0.002457378946366995,True,True
9,20260901_174342,ROT_RIGHT,-0.030999999999039574,-0.736905077323172,-0.006794395547968235,True,True
9,20260901_174342,ROT_RIGHT,0.07800000000133878,-0.6279050773227937,-0.004301818185976858,True,True
9,20260901_174342,ROT_RIGHT,0.17199999999866122,-0.5339050773254712,-0.00732831047610194,True,True
9,20260901_174342,ROT_RIGHT,0.26599999999962165,-0.4399050773245108,0.04466156630361229,True,True
9,20260901_174342,ROT_RIGHT,0.375,-0.33090507732413244,0.14291492713712373,True,True
9,20260901_174342,ROT_RIGHT,0.48400000000037835,-0.22190507732375409,0.23581981886311254,True,True
9,20260901_174342,ROT_RIGHT,0.6090000000003783,-0.09690507732375409,0.1645876307897619,True,True
9,20260901_174342,ROT_RIGHT,0.7190000000009604,0.013094922676827991,0.2615418964751407,True,True
9,20260901_174342,ROT_RIGHT,0.8119999999980791,0.10609492267394671,0.2434181892956152,True,True
9,20260901_174342,ROT_RIGHT,0.9059999999990396,0.20009492267490714,0.26844182647352854,True,True
9,20260901_174342,ROT_RIGHT,1.0,0.29409492267586756,0.31403811323294784,True,True
9,20260901_174342,ROT_RIGHT,1.0940000000009604,0.388094922676828,0.4015512161074314,True,True
9,20260901_174342,ROT_RIGHT,1.2030000000013388,0.49709492267720634,0.5954698841104417,True,True
9,20260901_174342,ROT_RIGHT,1.2969999999986612,0.5910949226745288,0.8018607330736712,True,True
9,20260901_174342,ROT_RIGHT,1.3909999999996217,0.6850949226754892,1.0394612402523489,True,True
9,20260901_174342,ROT_RIGHT,1.4840000000003783,0.7780949226762459,1.6831322147349983,True,True
9,20260901_174342,ROT_RIGHT,1.6090000000003783,0.9030949226762459,2.6161140023570164,False,True
9,20260901_174342,ROT_RIGHT,1.6869999999980791,0.9810949226739467,3.501146936807714,False,True
9,20260901_174342,ROT_RIGHT,1.7969999999986612,1.0910949226745288,4.9409002648884055,False,True
9,20260901_174342,ROT_RIGHT,1.8909999999996217,1.1850949226754892,6.417783920514896,False,True
9,20260901_174342,ROT_RIGHT,2.0,1.2940949226758676,6.715712296832809,False,True
9,20260901_174342,ROT_RIGHT,2.1090000000003783,1.403094922676246,6.059425997296548,False,True
9,20260901_174342,ROT_RIGHT,2.2190000000009604,1.513094922676828,5.362143630466535,False,True
9,20260901_174342,ROT_RIGHT,2.311999999998079,1.6060949226739467,5.665260687989346,False,True
9,20260901_174342,ROT_RIGHT,2.4059999999990396,1.7000949226749071,5.977791486933015,False,True
9,20260901_174342,ROT_RIGHT,2.5159999999996217,1.8100949226754892,5.896975995957098,False,True
9,20260901_174342,ROT_RIGHT,2.6559999999990396,1.9500949226749071,5.799551367819562,False,True
9,20260901_174342,ROT_RIGHT,2.75,2.0440949226758676,5.916472676029267,False,True
9,20260901_174342,ROT_RIGHT,2.8590000000003783,2.153094922676246,5.803934141652927,False,True
9,20260901_174342,ROT_RIGHT,2.9530000000013388,2.2470949226772063,5.928379974137856,False,True
9,20260901_174342,ROT_RIGHT,3.0469999999986612,2.341094922674529,5.9014361409622715,False,True
9,20260901_174342,ROT_RIGHT,3.1559999999990396,2.450094922674907,5.920636875874661,False,True
9,20260901_174342,ROT_RIGHT,3.2340000000003783,2.528094922676246,5.936190764833699,False,True
9,20260901_174342,ROT_RIGHT,3.3440000000009604,2.638094922676828,5.943864868208268,False,True
9,20260901_174342,ROT_RIGHT,3.436999999998079,2.7310949226739467,5.90537362556851,False,True
9,20260901_174342,ROT_RIGHT,3.5309999999990396,2.825094922674907,5.937230927293398,False,True
9,20260901_174342,ROT_RIGHT,3.625,2.9190949226758676,5.9830594759974165,False,True
9,20260901_174342,ROT_RIGHT,3.7190000000009604,3.013094922676828,5.922008880795357,False,True
9,20260901_174342,ROT_RIGHT,3.8280000000013388,3.1220949226772063,5.891883213014341,False,True
9,20260901_174342,ROT_RIGHT,3.9059999999990396,3.200094922674907,5.886835365122459,False,True
9,20260901_174342,ROT_RIGHT,4.015999999999622,3.310094922675489,5.887587743324928,False,True
9,20260901_174342,ROT_RIGHT,4.109000000000378,3.403094922676246,5.860513239759033,False,True
9,20260901_174342,ROT_RIGHT,4.203000000001339,3.4970949226772063,5.867073311694338,False,True
9,20260901_174342,ROT_RIGHT,4.296999999998661,3.591094922674529,5.846229339855839,False,True
9,20260901_174342,ROT_RIGHT,4.390999999999622,3.685094922675489,5.860323023718613,False,True
9,20260901_174342,ROT_RIGHT,4.5,3.7940949226758676,5.832824864533034,False,True
9,20260901_174342,ROT_RIGHT,4.59400000000096,3.888094922676828,5.8341664052125,False,True
9,20260901_174342,ROT_RIGHT,4.686999999998079,3.9810949226739467,5.842125886469751,False,True
9,20260901_174342,ROT_RIGHT,4.78099999999904,4.075094922674907,5.854784964159147,False,True
9,20260901_174342,ROT_RIGHT,4.875,4.169094922675868,5.85960783264049,False,True
9,20260901_174342,ROT_RIGHT,4.96900000000096,4.263094922676828,5.855820166438314,False,True
9,20260901_174342,ROT_RIGHT,5.061999999998079,4.356094922673947,5.911474492805344,False,True
9,20260901_174342,ROT_RIGHT,5.171999999998661,4.466094922674529,5.9178656239642216,False,True
9,20260901_174342,ROT_RIGHT,5.28099999999904,4.575094922674907,5.970659081325677,False,True
9,20260901_174342,ROT_RIGHT,5.359000000000378,4.653094922676246,5.932048919827792,False,True
9,20260901_174342,ROT_RIGHT,5.46900000000096,4.763094922676828,5.969580971709852,False,True
9,20260901_174342,ROT_RIGHT,5.561999999998079,4.856094922673947,5.9453971599952125,False,True
9,20260901_174342,ROT_RIGHT,5.65599999999904,4.950094922674907,5.928639841228756,False,True
9,20260901_174342,ROT_RIGHT,5.75,5.044094922675868,5.931566055027327,False,True
9,20260901_174342,ROT_RIGHT,5.84400000000096,5.138094922676828,5.9203464038016484,False,True
9,20260901_174342,ROT_RIGHT,5.936999999998079,5.231094922673947,5.906020322187457,False,True
9,20260901_174342,ROT_RIGHT,6.046999999998661,5.341094922674529,5.918070134597421,False,True
9,20260901_174342,ROT_RIGHT,6.125,5.419094922675868,5.910341529632061,False,True
9,20260901_174342,ROT_RIGHT,6.21900000000096,5.513094922676828,5.929340005480576,False,True
9,20260901_174342,ROT_RIGHT,6.328000000001339,5.622094922677206,5.9259635709516205,False,True
9,20260901_174342,ROT_RIGHT,6.421999999998661,5.716094922674529,5.944409865937735,False,True
10,20260901_174925,ROT_LEFT,-1.1720000000022992,-2.106101806006336,-0.003199323462441228,True,True
10,20260901_174925,ROT_LEFT,-1.0940000000009604,-2.0281018060049973,-0.03408850254175011,True,True
10,20260901_174925,ROT_LEFT,-1.0,-1.934101806004037,-0.05512597257418683,True,True
10,20260901_174925,ROT_LEFT,-0.8909999999996217,-1.8251018060036586,0.008913527220801853,True,True
10,20260901_174925,ROT_LEFT,-0.8130000000019209,-1.7471018060059578,0.0014835801824890638,True,True
10,20260901_174925,ROT_LEFT,-0.7030000000013388,-1.6371018060053757,-0.011957453366604476,True,True
10,20260901_174925,ROT_LEFT,-0.6100000000005821,-1.544101806004619,-0.003749984368367265,True,True
10,20260901_174925,ROT_LEFT,-0.5159999999996217,-1.4501018060036586,-0.02187544299803168,True,True
10,20260901_174925,ROT_LEFT,-0.4220000000022992,-1.3561018060063361,-0.0,True,True
10,20260901_174925,ROT_LEFT,-0.3280000000013388,-1.2621018060053757,0.019570768623172086,True,True
10,20260901_174925,ROT_LEFT,-0.23500000000058208,-1.169101806004619,0.017784693428170684,True,True
10,20260901_174925,ROT_LEFT,-0.14099999999962165,-1.0751018060036586,0.04007387307609189,True,True
10,20260901_174925,ROT_LEFT,-0.03200000000288128,-0.9661018060069182,0.013911194736793142,True,True
10,20260901_174925,ROT_LEFT,0.06199999999807915,-0.8721018060059578,-0.022226043893419423,True,True
10,20260901_174925,ROT_LEFT,0.17199999999866122,-0.7621018060053757,-0.016230529617753398,True,True
10,20260901_174925,ROT_LEFT,0.2649999999994179,-0.669101806004619,-0.057557307064575625,True,True
10,20260901_174925,ROT_LEFT,0.35900000000037835,-0.5751018060036586,-0.041931600550924486,True,True
10,20260901_174925,ROT_LEFT,0.4529999999977008,-0.4811018060063361,0.0064658092239264775,True,True
10,20260901_174925,ROT_LEFT,0.5469999999986612,-0.3871018060053757,-0.059971627750316614,True,True
10,20260901_174925,ROT_LEFT,0.6399999999994179,-0.294101806004619,-0.039483750107927484,True,True
10,20260901_174925,ROT_LEFT,0.75,-0.18410180600403692,-0.08369891526083784,True,True
10,20260901_174925,ROT_LEFT,0.8429999999971187,-0.0911018060069182,-0.06377250582027205,True,True
10,20260901_174925,ROT_LEFT,0.9369999999980791,0.0028981939940422308,0.02406788361808143,True,True
10,20260901_174925,ROT_LEFT,1.0619999999980791,0.12789819399404223,0.3355405286197852,True,True
10,20260901_174925,ROT_LEFT,1.1559999999990396,0.22189819399500266,0.49728010092925246,True,True
10,20260901_174925,ROT_LEFT,1.264999999999418,0.330898193995381,0.998186498605389,True,True
10,20260901_174925,ROT_LEFT,1.375,0.4408981939959631,1.3043006758350781,True,True
10,20260901_174925,ROT_LEFT,1.4679999999971187,0.5338981939930818,2.2048406062370036,True,True
10,20260901_174925,ROT_LEFT,1.5619999999980791,0.6278981939940422,3.6017277542447728,False,True
10,20260901_174925,ROT_LEFT,1.6719999999986612,0.7378981939946243,5.3930460472198485,False,True
10,20260901_174925,ROT_LEFT,1.764999999999418,0.830898193995381,6.9457555139132605,False,True
10,20260901_174925,ROT_LEFT,1.8590000000003783,0.9248981939963414,9.786190564396412,False,True
10,20260901_174925,ROT_LEFT,1.9679999999971187,1.0338981939930818,10.263245148908613,False,True
10,20260901_174925,ROT_LEFT,2.061999999998079,1.1278981939940422,8.88368016806673,False,True
10,20260901_174925,ROT_LEFT,2.1559999999990396,1.2218981939950027,8.559759654666017,False,True
10,20260901_174925,ROT_LEFT,2.264999999999418,1.330898193995381,8.896769751107572,False,True
10,20260901_174925,ROT_LEFT,2.375,1.440898193995963,9.286739261132084,False,True
10,20260901_174925,ROT_LEFT,2.4679999999971187,1.5338981939930818,9.053294705403161,False,True
10,20260901_174925,ROT_LEFT,2.561999999998079,1.6278981939940422,8.823383926364691,False,True
10,20260901_174925,ROT_LEFT,2.6559999999990396,1.7218981939950027,8.917504776833894,False,True
10,20260901_174925,ROT_LEFT,2.764999999999418,1.830898193995381,8.977612791500913,False,True
10,20260901_174925,ROT_LEFT,2.8590000000003783,1.9248981939963414,8.863110863391665,False,True
10,20260901_174925,ROT_LEFT,2.952999999997701,2.018898193993664,8.944693266616678,False,True
10,20260901_174925,ROT_LEFT,3.061999999998079,2.1278981939940422,8.886540324649248,False,True
10,20260901_174925,ROT_LEFT,3.1719999999986612,2.2378981939946243,8.91322980802722,False,True
10,20260901_174925,ROT_LEFT,3.25,2.315898193995963,8.932828867359612,False,True
10,20260901_174925,ROT_LEFT,3.3429999999971187,2.408898193993082,8.871805318014047,False,True
10,20260901_174925,ROT_LEFT,3.4219999999986612,2.4878981939946243,8.894634276816568,False,True
10,20260901_174925,ROT_LEFT,3.5309999999990396,2.5968981939950027,8.936745728108418,False,True
10,20260901_174925,ROT_LEFT,3.625,2.690898193995963,8.906081679381227,False,True
10,20260901_174925,ROT_LEFT,3.7179999999971187,2.783898193993082,8.895854315715138,False,True
10,20260901_174925,ROT_LEFT,3.7969999999986612,2.8628981939946243,8.919083025234652,False,True
10,20260901_174925,ROT_LEFT,3.889999999999418,2.955898193995381,8.942252482173565,False,True
10,20260901_174925,ROT_LEFT,3.9679999999971187,3.033898193993082,8.938285570188288,False,True
10,20260901_174925,ROT_LEFT,4.092999999997119,3.158898193993082,8.956692162612072,False,True
10,20260901_174925,ROT_LEFT,4.202999999997701,3.268898193993664,8.93943482813939,False,True
10,20260901_174925,ROT_LEFT,4.296999999998661,3.3628981939946243,8.949072649557944,False,True
10,20260901_174925,ROT_LEFT,4.389999999999418,3.455898193995381,8.953045382792375,False,True
10,20260901_174925,ROT_LEFT,4.484000000000378,3.5498981939963414,8.90800011641992,False,True
10,20260901_174925,ROT_LEFT,4.592999999997119,3.658898193993082,8.90523594855016,False,True
10,20260901_174925,ROT_LEFT,4.686999999998079,3.7528981939940422,8.912576591157087,False,True
10,20260901_174925,ROT_LEFT,4.78099999999904,3.8468981939950027,8.965284686956313,False,True
10,20260901_174925,ROT_LEFT,4.875,3.940898193995963,8.958819227678308,False,True
10,20260901_174925,ROT_LEFT,4.967999999997119,4.033898193993082,8.961707899700862,False,True
10,20260901_174925,ROT_LEFT,5.109000000000378,4.174898193996341,8.95015374320215,False,True
10,20260901_174925,ROT_LEFT,5.202999999997701,4.268898193993664,8.954115134197464,False,True
10,20260901_174925,ROT_LEFT,5.296999999998661,4.362898193994624,8.958963790853115,False,True
10,20260901_174925,ROT_LEFT,5.389999999999418,4.455898193995381,8.987882685002653,False,True
10,20260901_174925,ROT_LEFT,5.5,4.565898193995963,8.93408918095924,False,True
10,20260901_174925,ROT_LEFT,5.609000000000378,4.674898193996341,8.962101522005646,False,True
10,20260901_174925,ROT_LEFT,5.702999999997701,4.768898193993664,8.980183400246101,False,True
10,20260901_174925,ROT_LEFT,5.796999999998661,4.862898193994624,8.916615818462175,False,True
10,20260901_174925,ROT_LEFT,5.889999999999418,4.955898193995381,8.911699503328581,False,True
10,20260901_174925,ROT_LEFT,5.967999999997119,5.033898193993082,8.925263826170738,False,True
10,20260901_174925,ROT_LEFT,6.092999999997119,5.158898193993082,8.887322700064274,False,True
10,20260901_174925,ROT_LEFT,6.202999999997701,5.268898193993664,8.882753025652775,False,True
10,20260901_174925,ROT_LEFT,6.296999999998661,5.362898193994624,8.946342909217833,False,True
10,20260901_174925,ROT_LEFT,6.40599999999904,5.471898193995003,8.948566255003435,False,True
