t_iso,t_mono,sim_time_s,frame_i,fsm_state,align_sub,det_ok,pos_x,pos_y,pos_z,yaw_deg,yaw_model_raw_deg,width_m,fps,measurement_sim_time_s,latency_s,truth_x,truth_y,truth_z,truth_yaw_deg,error_x,error_y,error_z,error_yaw_deg
2026-09-07T08:59:13.658+00:00,1000.0,0.0,0,PRECHECK,,1,0.30559161165422705,0.18023205892393143,2.1900677405291638,-14.168033280120909,-14.168033280120909,1.1,,-0.12,0.12,0.3,0.175,2.2,-15.0,0.005591611654227061,0.005232058923931455,-0.009932259470836594,0.8319667198790812
2026-09-07T08:59:13.758+00:00,1000.1,0.09999999999999996,1,SEARCH_SWEEP,,1,0.2892142323927328,0.17269098714772038,2.189272829617969,-15.118734082189718,-15.118734082189718,1.1,10.000000000000004,-0.02000000000000003,0.12,0.3,0.175,2.2,-15.0,-0.010785767607267174,-0.0023090128522795955,-0.010727170382031224,-0.11873408218972274
2026-09-07T08:59:13.858+00:00,1000.2,0.19999999999999996,2,ACQUIRE_VERIFY,,1,0.29477547437565865,0.1613111678138747,2.1832798629537917,-17.027231476058432,-17.027231476058432,1.1,10.0,0.07999999999999996,0.12,0.3,0.175,2.2,-15.0,-0.005224525624341323,-0.013688832186125283,-0.016720137046208484,-2.027231476058417
2026-09-07T08:59:13.958+00:00,1000.3,0.29999999999999993,3,ACQUIRE_VERIFY,,1,0.2965722065432235,0.1732473443034193,2.200662503326199,-13.126081414532024,-13.126081414532024,1.1,10.000000000000002,0.17999999999999994,0.12,0.3,0.175,2.2,-15.0,-0.0034277934567764883,-0.0017526556965807068,0.000662503326198631,1.8739185854679878
2026-09-07T08:59:14.058+00:00,1000.4,0.3999999999999999,4,ACQUIRE_VERIFY,,1,0.29732433457992,0.15405320480117687,2.1997556020076403,-12.804453525311288,-12.804453525311288,1.1,10.000000000000002,0.2799999999999999,0.12,0.3,0.175,2.2,-15.0,-0.00267566542007996,-0.02094679519882311,-0.0002443979923596645,2.195546474688719
2026-09-07T08:59:14.158+00:00,1000.5,0.4999999999999999,5,ACQUIRE_VERIFY,,1,0.30416709461645536,0.17068670904822617,2.2047539592927294,-14.920058418286288,-14.920058418286288,1.1,10.000000000000002,0.3799999999999999,0.12,0.3,0.175,2.2,-15.0,0.004167094616455377,-0.004313290951773814,0.004753959292729349,0.07994158171371336
2026-09-07T08:59:14.258+00:00,1000.6,0.5999999999999999,6,ACQUIRE_VERIFY,,1,0.2986948789108837,0.16144742639065093,2.184053299209822,-14.614776917398245,-14.614776917398245,1.1,10.000000000000002,0.47999999999999987,0.12,0.3,0.175,2.2,-15.0,-0.0013051210891162858,-0.013552573609349068,-0.015946700790178403,0.3852230826017595
2026-09-07T08:59:14.358+00:00,1000.7,0.6999999999999998,7,ACQUIRE_VERIFY,,1,0.3221593381008429,0.16958943104478078,2.1570155034036613,-14.106157122295087,-14.106157122295087,1.1,10.000000000000002,0.5799999999999998,0.12,0.3,0.175,2.2,-15.0,0.022159338100842915,-0.005410568955219207,-0.04298449659633876,0.8938428777049131
2026-09-07T08:59:14.458+00:00,1000.8,0.7999999999999998,8,ACQUIRE_VERIFY,,1,0.31405064760453677,0.15076311945500617,2.1979083093259435,-15.576611277228153,-15.576611277228153,1.1,10.000000000000002,0.6799999999999998,0.12,0.3,0.175,2.2,-15.0,0.014050647604536774,-0.024236880544993823,-0.0020916906740565113,-0.5766112772281511
2026-09-07T08:59:14.558+00:00,1000.9,0.8999999999999998,9,ACQUIRE_VERIFY,,1,0.28793429026264633,0.17449412115801802,2.2079587538968317,-14.990418801340809,-14.990418801340809,1.1,10.000000000000002,0.7799999999999998,0.12,0.3,0.175,2.2,-15.0,-0.012065709737353682,-0.0005058788419819669,0.007958753896831452,0.00958119865918063
2026-09-07T08:59:14.658+00:00,1001.0,0.9999999999999998,10,ACQUIRE_VERIFY,,1,0.31582419079794233,0.17240238297796193,2.178029559431998,-16.336153329959075,-16.336153329959075,1.1,10.000000000000002,0.8799999999999998,0.12,0.3,0.175,2.2,-15.0,0.01582419079794233,-0.0025976170220380597,-0.021970440568001987,-1.3361533299590818
2026-09-07T08:59:14.758+00:00,1001.1,1.0999999999999979,11,ACQUIRE_VERIFY,,1,0.3082288914136714,0.16834652924961394,2.201423633278226,-16.064427689776352,-16.064427689776352,1.1,10.000000000000192,0.9799999999999979,0.12,0.3,0.175,2.2,-15.0,0.008228891413671412,-0.006653470750386041,0.0014236332782259613,-1.0644276897763567
2026-09-07T08:59:14.858+00:00,1001.2,1.1999999999999957,12,ACQUIRE_VERIFY,,1,0.30051675570744524,0.18393304071355365,2.1532168483602336,-14.117185293388502,-14.117185293388502,1.1,10.000000000000213,1.0799999999999956,0.1200000000000001,0.3,0.175,2.2,-15.0,0.0005167557074452345,0.008933040713553657,-0.046783151639766346,0.8828147066115126
2026-09-07T08:59:14.958+00:00,1001.3,1.2999999999999936,13,ACQUIRE_VERIFY,,0,,,,,,,10.000000000000213,1.1799999999999935,0.1200000000000001,0.3,0.175,2.2,-15.0,0.012433832414195836,0.007486391363834141,0.017377124646154703,1.0430869046381515
2026-09-07T08:59:15.058+00:00,1001.4,1.3999999999999915,14,ACQUIRE_VERIFY,,1,0.29047139049500553,0.18470239131546462,2.211130993091183,-15.33343162192034,-15.33343162192034,1.1,10.000000000000213,1.2799999999999914,0.1200000000000001,0.3,0.175,2.2,-15.0,-0.009528609504994465,0.009702391315464617,0.011130993091182862,-0.3334316219203315
2026-09-07T08:59:15.158+00:00,1001.5,1.4999999999999893,15,ACQUIRE_VERIFY,,1,0.29315844060628393,0.19580941068610486,2.2224031998490474,-15.598654864122352,-15.598654864122352,1.1,10.000000000000213,1.3799999999999892,0.1200000000000001,0.3,0.175,2.2,-15.0,-0.006841559393716056,0.020809410686104854,0.022403199849047088,-0.5986548641223409
2026-09-07T08:59:15.258+00:00,1001.6,1.5999999999999872,16,ACQUIRE_VERIFY,,1,0.30024219062460145,0.16920543283135625,2.217067446516154,-16.111241710201853,-16.111241710201853,1.1,10.000000000000213,1.479999999999987,0.1200000000000001,0.3,0.175,2.2,-15.0,0.00024219062460146913,-0.005794567168643737,0.017067446516153956,-1.1112417102018435
2026-09-07T08:59:15.358+00:00,1001.6999999999999,1.699999999999985,17,ACQUIRE_VERIFY,,1,0.30928791505342434,0.16665053303810226,2.170046745860296,-15.40262020824116,-15.40262020824116,1.1,10.000000000000213,1.579999999999985,0.1200000000000001,0.3,0.175,2.2,-15.0,0.009287915053424366,-0.008349466961897721,-0.029953254139704205,-0.4026202082411462
2026-09-07T08:59:15.458+00:00,1001.8,1.799999999999983,18,ACQUIRE_VERIFY,,1,0.2887411761593184,0.170879040003688,2.18436332269966,-15.988877158982916,-15.988877158982916,1.1,10.000000000000213,1.6799999999999828,0.1200000000000001,0.3,0.175,2.2,-15.0,-0.011258823840681605,-0.004120959996311994,-0.01563667730034016,-0.9888771589829075
2026-09-07T08:59:15.558+00:00,1001.9,1.8999999999999808,19,ACQUIRE_VERIFY,,1,0.29855717768210016,0.1838467165554091,2.20155174612248,-13.993114077855239,-13.993114077855239,1.1,10.000000000000213,1.7799999999999807,0.1200000000000001,0.3,0.175,2.2,-15.0,-0.001442822317899827,0.008846716555409103,0.0015517461224796936,1.0068859221447692
2026-09-07T08:59:15.658+00:00,1002.0,1.9999999999999787,20,ACQUIRE_VERIFY,,1,0.29792488971076336,0.16656239241053059,2.2254355895263704,-14.929785800655537,-14.929785800655537,1.1,10.000000000000213,1.8799999999999786,0.1200000000000001,0.3,0.175,2.2,-15.0,-0.0020751102892366344,-0.008437607589469409,0.025435589526370206,0.07021419934447151
2026-09-07T08:59:15.758+00:00,1002.1,2.0999999999999766,21,ACQUIRE_VERIFY,,1,0.2975070505396949,0.1719797146344037,2.213815239597098,-16.035355412320655,-16.035355412320655,1.1,10.000000000000213,1.9799999999999764,0.1200000000000001,0.3,0.175,2.2,-15.0,-0.002492949460305103,-0.003020285365596285,0.013815239597097897,-1.0353554123206399
2026-09-07T08:59:15.858+00:00,1002.1999999999999,2.1999999999999744,22,ACQUIRE_VERIFY,,1,0.2895648365983117,0.16246395942712702,2.2275143872241454,-13.724159149634772,-13.724159149634772,1.1,10.000000000000213,2.0799999999999743,0.1200000000000001,0.3,0.175,2.2,-15.0,-0.010435163401688284,-0.012536040572872982,0.027514387224145086,1.27584085036523
2026-09-07T08:59:15.958+00:00,1002.3,2.2999999999999723,23,ACQUIRE_VERIFY,,1,0.2976589909919192,0.1735701680175772,2.216182669938165,-16.236954728262305,-16.236954728262305,1.1,10.000000000000213,2.179999999999972,0.1200000000000001,0.3,0.175,2.2,-15.0,-0.002341009008080749,-0.0014298319824228068,0.01618266993816443,-1.2369547282622944
2026-09-07T08:59:16.058+00:00,1002.4,2.39999999999997,24,ACQUIRE_VERIFY,,1,0.2946104989242215,0.18300298554914565,2.2016060736252623,-16.04144872984628,-16.04144872984628,1.1,10.000000000000213,2.27999999999997,0.1200000000000001,0.3,0.175,2.2,-15.0,-0.00538950107577851,0.00800298554914566,0.0016060736252620964,-1.0414487298462873
2026-09-07T08:59:16.158+00:00,1002.5,2.499999999999968,25,ACQUIRE_VERIFY,,1,0.30161659224972565,0.15875571916134154,2.2316840295070315,-15.727662080403547,-15.727662080403547,1.1,10.000000000000213,2.379999999999968,0.1200000000000001,0.3,0.175,2.2,-15.0,0.0016165922497256785,-0.01624428083865845,0.03168402950703117,-0.727662080403535
2026-09-07T08:59:16.258+00:00,1002.5999999999999,2.599999999999966,26,ACQUIRE_VERIFY,,1,0.3111055618588341,0.1745452787476159,2.248397850432346,-16.641397220781357,-16.641397220781357,1.1,10.000000000000213,2.479999999999966,0.1200000000000001,0.3,0.175,2.2,-15.0,0.0111055618588341,-0.0004547212523840898,0.0483978504323459,-1.6413972207813576
2026-09-07T08:59:16.358+00:00,1002.6999999999999,2.6999999999999638,27,ACQUIRE_VERIFY,,1,0.30042541285681196,0.17754090186966698,2.1969253314156627,-17.867888536051368,-17.867888536051368,1.1,10.000000000000213,2.5799999999999637,0.1200000000000001,0.3,0.175,2.2,-15.0,0.00042541285681195874,0.002540901869666986,-0.0030746685843373606,-2.867888536051379
2026-09-07T08:59:16.458+00:00,1002.8,2.7999999999999616,28,ACQUIRE_VERIFY,,1,0.29999244589986646,0.17157721594416847,2.230126674453007,-15.188878344717153,-15.188878344717153,1.1,10.000000000000213,2.6799999999999615,0.1200000000000001,0.3,0.175,2.2,-15.0,-7.5541001335135355e-06,-0.003422784055831514,0.03012667445300698,-0.18887834471714385
2026-09-07T08:59:16.558+00:00,1002.9,2.8999999999999595,29,ACQUIRE_VERIFY,,1,0.3034432838821538,0.17943794638882327,2.1972303763268437,-15.586552910445391,-15.586552910445391,1.1,10.000000000000213,2.7799999999999594,0.1200000000000001,0.3,0.175,2.2,-15.0,0.003443283882153813,0.004437946388823283,-0.0027696236731562813,-0.5865529104454024
2026-09-07T08:59:16.658+00:00,1003.0,2.9999999999999574,30,ACQUIRE_VERIFY,,1,0.2995889265661694,0.16067190446144827,2.2084653881384337,-14.02083659067128,-14.02083659067128,1.1,10.000000000000213,2.8799999999999573,0.1200000000000001,0.3,0.175,2.2,-15.0,-0.00041107343383055517,-0.014328095538551727,0.008465388138433451,0.9791634093287143
2026-09-07T08:59:16.758+00:00,1003.0999999999999,3.0999999999999552,31,STAGING_PLAN,,1,0.31934913322786257,0.17508674983066375,2.17911274610921,-13.958740332750011,-13.958740332750011,1.1,10.000000000000213,2.979999999999955,0.1200000000000001,0.3,0.175,2.2,-15.0,0.019349133227862598,8.674983066376269e-05,-0.0208872538907903,1.0412596672499845
2026-09-07T08:59:16.858+00:00,1003.1999999999999,3.199999999999953,32,STAGING_PLAN,,1,0.29341870671920256,0.16219315997180878,2.2065841887560214,-13.389977928173778,-13.389977928173778,1.1,10.000000000000213,3.079999999999953,0.1200000000000001,0.3,0.175,2.2,-15.0,-0.00658129328079745,-0.012806840028191206,0.006584188756021306,1.610022071826224
2026-09-07T08:59:16.958+00:00,1003.3,3.299999999999951,33,STAGING_PLAN,,1,0.3113109274283069,0.17335259876337972,2.201310610096652,-13.638218774252778,-13.638218774252778,1.1,10.000000000000213,3.179999999999951,0.1200000000000001,0.3,0.175,2.2,-15.0,0.011310927428306897,-0.0016474012366202778,0.0013106100966518278,1.3617812257472244
2026-09-07T08:59:17.058+00:00,1003.4,3.399999999999949,34,STAGING_PLAN,,1,0.2983863384337217,0.19152560150670275,2.2156918011959785,-14.234761345286955,-14.234761345286955,1.1,10.000000000000213,3.2799999999999487,0.1200000000000001,0.3,0.175,2.2,-15.0,-0.0016136615662782753,0.016525601506702757,0.015691801195978287,0.7652386547130344
2026-09-07T08:59:17.158+00:00,1003.5,3.4999999999999467,35,STAGING_PLAN,,1,0.31488111970650373,0.17070375498058485,2.1878518403087166,-15.722457962767322,-15.722457962767322,1.1,10.000000000000213,3.3799999999999466,0.1200000000000001,0.3,0.175,2.2,-15.0,0.014881119706503718,-0.004296245019415151,-0.012148159691283694,-0.7224579627673281
2026-09-07T08:59:17.258+00:00,1003.5999999999999,3.5999999999999446,36,STAGING_PLAN,,0,,,,,,,10.000000000000213,3.4799999999999445,0.1200000000000001,0.3,0.175,2.2,-15.0,0.00966196918107247,-0.004005999871250003,-0.00819941955676252,0.6265828506595388
2026-09-07T08:59:17.358+00:00,1003.6999999999999,3.6999999999999424,37,STAGING_PLAN,,1,0.2986566869990503,0.16556451080023196,2.1953956900813525,-13.627851999322985,-13.627851999322985,1.1,10.000000000000213,3.5799999999999423,0.1200000000000001,0.3,0.175,2.2,-15.0,-0.0013433130009497215,-0.009435489199768034,-0.004604309918647688,1.3721480006770064
2026-09-07T08:59:17.458+00:00,1003.8,3.7999999999999403,38,STAGING_PLAN,,0,,,,,,,10.000000000000213,3.67999999999994,0.1200000000000001,0.3,0.175,2.2,-15.0,0.007132330273670899,0.009275781199292177,0.04251265277004843,2.4758721387030405
2026-09-07T08:59:17.558+00:00,1003.9,3.899999999999938,39,STAGING_PLAN,,0,,,,,,,10.000000000000213,3.779999999999938,0.1200000000000001,0.3,0.175,2.2,-15.0,0.0005427979879507954,0.015694473744466052,-0.012196690502696703,0.9152415040350993
2026-09-07T08:59:17.658+00:00,1003.9999999999999,3.999999999999936,40,STAGING_PLAN,,1,0.29802633323993805,0.172830343879857,2.218986697044114,-15.315110581945675,-15.315110581945675,1.1,10.000000000000213,3.879999999999936,0.1200000000000001,0.3,0.175,2.2,-15.0,-0.001973666760061948,-0.002169656120142997,0.01898669704411376,-0.3151105819456778
2026-09-07T08:59:17.758+00:00,1004.0999999999999,4.099999999999934,41,STAGING_PLAN,,1,0.3027873246056204,0.16615167120580743,2.197721910506465,-16.09456216302513,-16.09456216302513,1.1,10.000000000000213,3.979999999999934,0.1200000000000001,0.3,0.175,2.2,-15.0,0.0027873246056204465,-0.008848328794192551,-0.002278089493535133,-1.094562163025124
2026-09-07T08:59:17.858+00:00,1004.1999999999999,4.199999999999932,42,STAGING_PLAN,,1,0.3094043822425227,0.18353943708110104,2.189664196504858,-15.691629392882277,-15.691629392882277,1.1,10.000000000000213,4.079999999999932,0.1200000000000001,0.3,0.175,2.2,-15.0,0.009404382242522739,0.008539437081101059,-0.01033580349514182,-0.6916293928822894
2026-09-07T08:59:17.958+00:00,1004.3,4.29999999999993,43,STAGING_PLAN,,1,0.30766716193988425,0.16552173050416705,2.187459079177038,-14.284001855022467,-14.284001855022467,1.1,10.000000000000213,4.1799999999999295,0.1200000000000001,0.3,0.175,2.2,-15.0,0.007667161939884252,-0.009478269495832935,-0.012540920822962391,0.7159981449775407
2026-09-07T08:59:18.058+00:00,1004.4,4.399999999999929,44,FINAL_ROTATE,,1,0.30580986874576993,0.17149703410439313,2.1925923203849416,-14.010606353381121,-14.010606353381121,1.1,10.000000000000036,4.279999999999929,0.1200000000000001,0.3,0.175,2.2,-15.0,0.005809868745769968,-0.0035029658956068676,-0.007407679615058519,0.9893936466188796
2026-09-07T08:59:18.158+00:00,1004.4999999999999,4.499999999999928,45,FINAL_ROTATE,,1,0.2969318988897108,0.1705621486998614,2.194172299243066,-13.465212924122454,-13.465212924122454,1.1,10.000000000000124,4.379999999999928,0.1200000000000001,0.3,0.175,2.2,-15.0,-0.003068101110289227,-0.004437851300138589,-0.0058277007569344265,1.5347870758775413
2026-09-07T08:59:18.258+00:00,1004.5999999999999,4.599999999999926,46,FINAL_ROTATE,,1,0.2942850830523659,0.17457591615714557,2.227286701284046,-15.514805689908883,-15.514805689908883,1.1,10.000000000000213,4.479999999999926,0.1200000000000001,0.3,0.175,2.2,-15.0,-0.005714916947634073,-0.0004240838428544092,0.02728670128404567,-0.514805689908869
2026-09-07T08:59:18.358+00:00,1004.6999999999999,4.699999999999924,47,FINAL_ROTATE,,1,0.2989296154140862,0.1893291086566157,2.222013476579749,-15.34398063526558,-15.34398063526558,1.1,10.000000000000213,4.579999999999924,0.1200000000000001,0.3,0.175,2.2,-15.0,-0.0010703845859137934,0.014329108656615708,0.02201347657974901,-0.3439806352655826
2026-09-07T08:59:18.458+00:00,1004.8,4.799999999999922,48,FINAL_ROTATE,,1,0.29949928575198054,0.1762757198588084,2.2255894582575446,-14.973980664116112,-14.973980664116112,1.1,10.000000000000213,4.679999999999922,0.1200000000000001,0.3,0.175,2.2,-15.0,-0.0005007142480194516,0.0012757198588084129,0.02558945825754453,0.02601933588388522
2026-09-07T08:59:18.558+00:00,1004.8999999999999,4.8999999999999195,49,FINAL_ROTATE,,1,0.32026953890761134,0.18422630096400028,2.187237224077625,-15.923477572457955,-15.923477572457955,1.1,10.000000000000213,4.779999999999919,0.1200000000000001,0.3,0.175,2.2,-15.0,0.020269538907611375,0.009226300964000294,-0.012762775922375052,-0.9234775724579574
2026-09-07T08:59:18.658+00:00,1004.9999999999999,4.999999999999917,50,FINAL_ROTATE,,1,0.29155290308435927,0.20429364056313212,2.1848107226018874,-15.917162337635489,-15.917162337635489,1.1,10.000000000000213,4.879999999999917,0.1200000000000001,0.3,0.175,2.2,-15.0,-0.008447096915640736,0.02929364056313214,-0.015189277398112867,-0.9171623376354783
2026-09-07T08:59:18.758+00:00,1005.0999999999999,5.099999999999915,51,FINAL_ROTATE,,1,0.29271892167687746,0.16487179435685884,2.206009978374398,-16.22190726561945,-16.22190726561945,1.1,10.000000000000213,4.979999999999915,0.1200000000000001,0.3,0.175,2.2,-15.0,-0.00728107832312254,-0.010128205643141153,0.0060099783743976795,-1.2219072656194627
2026-09-07T08:59:18.858+00:00,1005.1999999999999,5.199999999999913,52,FINAL_ROTATE,,1,0.2886791862479873,0.18313219219670024,2.205161519678498,-14.26021702686927,-14.26021702686927,1.1,10.000000000000213,5.079999999999913,0.1200000000000001,0.3,0.175,2.2,-15.0,-0.011320813752012722,0.008132192196700248,0.0051615196784979426,0.7397829731307324
2026-09-07T08:59:18.958+00:00,1005.3,5.299999999999911,53,FINAL_ROTATE,,1,0.31303144264339233,0.17452513290252977,2.2293102551188286,-13.740005410038094,-13.740005410038094,1.1,10.000000000000213,5.179999999999911,0.1200000000000001,0.3,0.175,2.2,-15.0,0.013031442643392325,-0.0004748670974702247,0.029310255118828354,1.2599945899619034
2026-09-07T08:59:19.058+00:00,1005.3999999999999,5.399999999999909,54,FINAL_ROTATE,,1,0.3003389600982069,0.1853794660021843,2.1903896036655506,-15.877760471802446,-15.877760471802446,1.1,10.000000000000213,5.279999999999909,0.1200000000000001,0.3,0.175,2.2,-15.0,0.00033896009820690075,0.010379466002184312,-0.00961039633444945,-0.8777604718024504
2026-09-07T08:59:19.158+00:00,1005.4999999999999,5.499999999999907,55,FINAL_ROTATE,,1,0.29681692846628976,0.17223734594797635,2.1752743141189868,-15.274571778424644,-15.274571778424644,1.1,10.000000000000213,5.379999999999907,0.1200000000000001,0.3,0.175,2.2,-15.0,-0.0031830715337102383,-0.002762654052023626,-0.024725685881013534,-0.274571778424656
2026-09-07T08:59:19.258+00:00,1005.5999999999999,5.599999999999905,56,FINAL_ROTATE,,1,0.2882234400763966,0.1618629418550105,2.197482696500219,-13.588468731469248,-13.588468731469248,1.1,10.000000000000213,5.4799999999999045,0.1200000000000001,0.3,0.175,2.2,-15.0,-0.011776559923603387,-0.013137058144989501,-0.0025173034997811625,1.4115312685307526
2026-09-07T08:59:19.358+00:00,1005.6999999999999,5.6999999999999025,57,FINAL_ROTATE,,1,0.2893199826695891,0.17819664688343498,2.1934455669265733,-13.132493012739758,-13.132493012739758,1.1,10.000000000000213,5.579999999999902,0.1200000000000001,0.2977875944370011,0.175,2.200229599979735,-15.044012653626964,-0.008467611767411983,0.003196646883434996,-0.006784033053161443,1.9115196408872177
2026-09-07T08:59:19.458+00:00,1005.8,5.7999999999999,58,FINAL_ROTATE,,1,0.2322299596240578,0.17695296438172703,2.1967172564157043,-17.360045398163862,-17.360045398163862,1.1,10.000000000000213,5.6799999999999,0.1200000000000001,0.23688719111525677,0.175,2.205876722711059,-16.254259620163964,-0.004657231491198979,0.0019529643817270388,-0.009159466295354647,-1.1057857779999045
2026-09-07T08:59:19.558+00:00,1005.8999999999999,5.899999999999898,59,FINAL_ROTATE,,1,0.17247839382414426,0.18825179676501133,2.2606213434564735,-17.542124759591616,-17.542124759591616,1.1,10.000000000000213,5.779999999999898,0.1200000000000001,0.1758810991870906,0.175,2.210236294656329,-17.464506586700963,-0.0034027053629463477,0.013251796765011354,0.0503850488001441,-0.07761817289065123
2026-09-07T08:59:19.658+00:00,1005.9999999999999,5.999999999999896,60,FINAL_ROTATE,,1,0.13633363063414597,0.1771406175114391,2.2030327820507263,-18.055690580538027,-18.055690580538027,1.1,10.000000000000213,5.879999999999896,0.1200000000000001,0.11479653687738366,0.175,2.2133063707670106,-18.674753553237963,0.021537093756762302,0.0021406175114391307,-0.010273588716284412,0.619062972699927
2026-09-07T08:59:19.758+00:00,1006.0999999999999,6.099999999999894,61,FINAL_ROTATE,,1,0.05666157568104177,0.16180744803022107,2.1885043863229576,-19.48055974585546,-19.48055974585546,1.1,10.000000000000213,5.979999999999894,0.1200000000000001,0.05366075742103644,0.175,2.2150855813106824,-19.885000519774962,0.003000818260005333,-0.013192551969778917,-0.026581194987724852,0.4044407739194932
2026-09-07T08:59:19.858+00:00,1006.1999999999999,6.199999999999894,62,FINAL_SETTLE,,1,-0.017744105641999193,0.17165277648941984,2.2303907265004432,-19.750034553202312,-19.750034553202312,1.1,10.000000000000036,6.0799999999998935,0.1200000000000001,-0.007498963096222076,0.175,2.215573132482152,-21.09524748631199,-0.010245142545777117,-0.0033472235105801405,0.01481759401829137,1.3452129331096725
2026-09-07T08:59:19.958+00:00,1006.2999999999998,6.2999999999998915,63,FINAL_SETTLE,,1,-0.0157800368371355,0.19046398780844356,2.2186073532067625,-24.420746098081707,-24.420746098081707,1.1,10.000000000000213,6.179999999999891,0.1200000000000001,-0.01973137894234107,0.175,2.215515614305171,-21.3372968796194,0.00395134210520557,0.015463987808443564,0.003091738901591458,-3.083449218462311
2026-09-07T08:59:20.058+00:00,1006.3999999999999,6.399999999999889,64,FINAL_SETTLE,,1,-0.01807613981548747,0.16036719978992933,2.200949245793759,-19.765266600802676,-19.765266600802676,1.1,10.000000000000213,6.279999999999889,0.1200000000000001,-0.01973137894234107,0.175,2.215515614305171,-21.3372968796194,0.0016552391268535996,-0.014632800210070645,-0.014566368511411711,1.572030278816728
2026-09-07T08:59:20.158+00:00,1006.4999999999999,6.499999999999887,65,FINAL_SETTLE,,1,-0.018960537809215517,0.18161239091116513,2.2306123345660014,-21.339832557420664,-21.339832557420664,1.1,10.000000000000213,6.379999999999887,0.1200000000000001,-0.01973137894234107,0.175,2.215515614305171,-21.3372968796194,0.0007708411331255541,0.006612390911165138,0.015096720260830523,-0.0025356778012736616
2026-09-07T08:59:20.258+00:00,1006.5999999999999,6.599999999999885,66,FINAL_SETTLE,,1,-0.018865264760270933,0.17292572110342216,2.22307620620199,-22.157317315884228,-22.157317315884228,1.1,10.000000000000213,6.479999999999885,0.1200000000000001,-0.01973137894234107,0.175,2.215515614305171,-21.3372968796194,0.0008661141820701375,-0.0020742788965778234,0.007560591896818961,-0.820020436264825
2026-09-07T08:59:20.358+00:00,1006.6999999999999,6.699999999999883,67,FINAL_SETTLE,,0,,,,,,,10.000000000000213,6.579999999999883,0.1200000000000001,-0.01973137894234107,0.175,2.215515614305171,-21.3372968796194,-0.009883681146323061,-0.012743396369333356,-0.010100325316268926,0.7455043972424197
2026-09-07T08:59:20.458+00:00,1006.7999999999998,6.799999999999881,68,FINAL_SETTLE,,1,-0.025473160247073648,0.17872988748086638,2.2524479906064045,-22.563623638635107,-22.563623638635107,1.1,10.000000000000213,6.679999999999881,0.1200000000000001,-0.01973137894234107,0.175,2.215515614305171,-21.3372968796194,-0.0057417813047325765,0.0037298874808663796,0.03693237630123336,-1.2263267590157085
2026-09-07T08:59:20.558+00:00,1006.8999999999999,6.899999999999879,69,FINAL_SETTLE,,1,-0.030155220147475514,0.16358603928336782,2.2547116922013486,-20.84944742450608,-20.84944742450608,1.1,10.000000000000213,6.779999999999879,0.1200000000000001,-0.01973137894234107,0.175,2.215515614305171,-21.3372968796194,-0.010423841205134446,-0.011413960716632166,0.03919607789617735,0.48784945511330535
2026-09-07T08:59:20.658+00:00,1006.9999999999999,6.9999999999998765,70,FINAL_SETTLE,,1,-0.037143292802027904,0.158228203639053,2.2223653181867546,-21.45408288255416,-21.45408288255416,1.1,10.000000000000213,6.879999999999876,0.1200000000000001,-0.01973137894234107,0.175,2.215515614305171,-21.3372968796194,-0.017411913859686833,-0.01677179636094699,0.006849703881583517,-0.11678600293475112
2026-09-07T08:59:20.758+00:00,1007.0999999999999,7.099999999999874,71,FINAL_SETTLE,,1,-0.028754107105846888,0.1813471951553029,2.1869994525739846,-22.293079809674566,-22.293079809674566,1.1,10.000000000000213,6.979999999999874,0.1200000000000001,-0.01973137894234107,0.175,2.215515614305171,-21.3372968796194,-0.009022728163505815,0.006347195155302901,-0.028516161731186596,-0.9557829300551735
2026-09-07T08:59:20.858+00:00,1007.1999999999998,7.199999999999872,72,FINAL_SETTLE,,1,-0.0009453615686628933,0.17874778563626847,2.2067085875011556,-22.50201976141733,-22.50201976141733,1.1,10.000000000000213,7.079999999999872,0.1200000000000001,-0.01973137894234107,0.175,2.215515614305171,-21.3372968796194,0.018786017373678177,0.0037477856362684915,-0.008807026804015457,-1.1647228817979158
2026-09-07T08:59:20.958+00:00,1007.2999999999998,7.29999999999987,73,FINAL_SETTLE,,1,-0.015620257654496879,0.15803788606773478,2.211959901343026,-19.908239179057432,-19.908239179057432,1.1,10.000000000000213,7.17999999999987,0.1200000000000001,-0.01973137894234107,0.175,2.215515614305171,-21.3372968796194,0.004111121287844191,-0.0169621139322652,-0.003555712962145481,1.4290577005619667
2026-09-07T08:59:21.058+00:00,1007.3999999999999,7.399999999999868,74,FINAL_SETTLE,,1,-0.01740355582063975,0.1870596158737988,2.207975743828686,-21.3329611582148,-21.3329611582148,1.1,10.000000000000213,7.279999999999868,0.1200000000000001,-0.01973137894234107,0.175,2.215515614305171,-21.3372968796194,0.0023278231217013197,0.012059615873798802,-0.007539870476485239,0.004335721404609793
2026-09-07T08:59:21.158+00:00,1007.4999999999999,7.499999999999866,75,FINAL_SETTLE,,1,-0.030056008715481322,0.1893723664465612,2.1932246053678615,-22.89891265782981,-22.89891265782981,1.1,10.000000000000213,7.379999999999866,0.1200000000000001,-0.01973137894234107,0.175,2.215515614305171,-21.3372968796194,-0.010324629773140253,0.014372366446561202,-0.022291008937309825,-1.5616157782104079
2026-09-07T08:59:21.258+00:00,1007.5999999999999,7.599999999999864,76,FINAL_SETTLE,,1,-0.020268562654325004,0.17767053168626457,2.2142314331799677,-20.037603901258763,-20.037603901258763,1.1,10.000000000000213,7.479999999999864,0.1200000000000001,-0.01973137894234107,0.175,2.215515614305171,-21.3372968796194,-0.0005371837119839327,0.00267053168626457,-0.001284181125203331,1.2996929783606308
2026-09-07T08:59:21.358+00:00,1007.6999999999998,7.699999999999862,77,FINAL_SETTLE,,1,-0.024534326417571275,0.1580996533193696,2.225957408857626,-21.197923017041944,-21.197923017041944,1.1,10.000000000000213,7.5799999999998615,0.1200000000000001,-0.01973137894234107,0.175,2.215515614305171,-21.3372968796194,-0.004802947475230205,-0.016900346680630386,0.01044179455245489,0.13937386257746925
2026-09-07T08:59:21.458+00:00,1007.7999999999998,7.7999999999998595,78,FINAL_SETTLE,,1,-0.015045562184218137,0.17784493871539447,2.212537316638159,-20.38430142940956,-20.38430142940956,1.1,10.000000000000213,7.679999999999859,0.1200000000000001,-0.01973137894234107,0.175,2.215515614305171,-21.3372968796194,0.004685816758122933,0.0028449387153944732,-0.0029782976670122293,0.9529954502098552
2026-09-07T08:59:21.558+00:00,1007.8999999999999,7.899999999999857,79,FINAL_SETTLE,,1,-0.006587688773338816,0.18896769043624778,2.2340391141410842,-21.841684371481648,-21.841684371481648,1.1,10.000000000000213,7.779999999999857,0.1200000000000001,-0.01973137894234107,0.175,2.215515614305171,-21.3372968796194,0.013143690169002254,0.0139676904362478,0.018523499835913237,-0.5043874918622367
2026-09-07T08:59:21.658+00:00,1007.9999999999999,7.999999999999855,80,FINAL_SETTLE,,1,-0.028694574187707274,0.16403595509354782,2.2134662518480166,-21.580152950457716,-21.580152950457716,1.1,10.000000000000213,7.879999999999855,0.1200000000000001,-0.01973137894234107,0.175,2.215515614305171,-21.3372968796194,-0.008963195245366202,-0.010964044906452166,-0.002049362457154612,-0.24285607083831343
2026-09-07T08:59:21.758+00:00,1008.0999999999999,8.099999999999854,81,FINAL_SETTLE,,1,-0.010759106762579235,0.17324950501568645,2.197756678179927,-21.7566804949347,-21.7566804949347,1.1,10.000000000000124,7.979999999999854,0.1200000000000001,-0.01973137894234107,0.175,2.215515614305171,-21.3372968796194,0.008972272179761836,-0.0017504949843135512,-0.017758936125244217,-0.41938361531528234
2026-09-07T08:59:21.858+00:00,1008.1999999999998,8.199999999999852,82,FINAL_SETTLE,,1,-0.010046988347206777,0.17087680648761783,2.2147479028767276,-22.03769015848519,-22.03769015848519,1.1,10.000000000000213,8.079999999999853,0.11999999999999922,-0.01973137894234107,0.175,2.215515614305171,-21.3372968796194,0.009684390595134294,-0.004123193512382156,-0.0007677114284435878,-0.7003932788657737
2026-09-07T08:59:21.958+00:00,1008.2999999999998,8.29999999999985,83,FINAL_SETTLE,,1,-0.00808426186966792,0.1907462431095162,2.2323519128341966,-23.860289412340762,-23.860289412340762,1.1,10.000000000000213,8.17999999999985,0.11999999999999922,-0.01973137894234107,0.175,2.215515614305171,-21.3372968796194,0.01164711707267315,0.015746243109516216,0.016836298529025386,-2.522992532721366
2026-09-07T08:59:22.058+00:00,1008.3999999999999,8.399999999999848,84,FINAL_SETTLE,,1,-0.027171595394044897,0.18166382304911327,2.2372932039921793,-21.400181113358883,-21.400181113358883,1.1,10.000000000000213,8.279999999999848,0.11999999999999922,-0.01973137894234107,0.175,2.215515614305171,-21.3372968796194,-0.007440216451703827,0.0066638230491132735,0.021777589687008114,-0.06288423373949484
2026-09-07T08:59:22.158+00:00,1008.4999999999999,8.499999999999845,85,FINAL_SETTLE,,1,-0.04321533569157934,0.16233767745916064,2.2039677376952183,-21.089323900970612,-21.089323900970612,1.1,10.000000000000213,8.379999999999846,0.11999999999999922,-0.01973137894234107,0.175,2.215515614305171,-21.3372968796194,-0.023483956749238276,-0.012662322540839346,-0.011547876609952807,0.24797297864878415
2026-09-07T08:59:22.258+00:00,1008.5999999999998,8.599999999999843,86,FINAL_SETTLE,,1,-0.010088441769840866,0.16705558936455697,2.228787425136734,-20.342797236553793,-20.342797236553793,1.1,10.000000000000213,8.479999999999844,0.11999999999999922,-0.01973137894234107,0.175,2.215515614305171,-21.3372968796194,0.009642937172500204,-0.007944410635443008,0.013271810831562612,0.9944996430656219
2026-09-07T08:59:22.358+00:00,1008.6999999999998,8.699999999999841,87,FINAL_SETTLE,,1,-0.013797013473767394,0.1823470622660288,2.225431832932674,-21.533353917469782,-21.533353917469782,1.1,10.000000000000213,8.579999999999842,0.11999999999999922,-0.01973137894234107,0.175,2.215515614305171,-21.3372968796194,0.005934365468573678,0.007347062266028796,0.009916218627502594,-0.1960570378503807
2026-09-07T08:59:22.458+00:00,1008.7999999999998,8.799999999999839,88,FINAL_SETTLE,,1,-0.027103489770092182,0.15447226663741934,2.187821746731768,-20.72754136985526,-20.72754136985526,1.1,10.000000000000213,8.67999999999984,0.11999999999999922,-0.01973137894234107,0.175,2.215515614305171,-21.3372968796194,-0.007372110827751112,-0.020527733362580652,-0.027693867573403096,0.6097555097641429
2026-09-07T08:59:22.558+00:00,1008.8999999999999,8.899999999999837,89,FINAL_SETTLE,,1,-0.01478174932748971,0.17762407111685097,2.246561604766046,-19.925995051503776,-19.925995051503776,1.1,10.000000000000213,8.779999999999838,0.11999999999999922,-0.01973137894234107,0.175,2.215515614305171,-21.3372968796194,0.004949629614851362,0.0026240711168509867,0.031045990460874823,1.4113018281156275
2026-09-07T08:59:22.658+00:00,1008.9999999999999,8.999999999999835,90,FINAL_SETTLE,,1,-0.017188867738551352,0.17092133499224,2.2290421579528377,-22.2475852057631,-22.2475852057631,1.1,10.000000000000213,8.879999999999836,0.11999999999999922,-0.01973137894234107,0.175,2.215515614305171,-21.3372968796194,0.0025425112037897185,-0.004078665007760001,0.01352654364766677,-0.9102883261436931
2026-09-07T08:59:22.758+00:00,1009.0999999999998,9.099999999999833,91,FINAL_SETTLE,,1,-0.0030104089402649484,0.18360461953286858,2.2194874208522433,-20.91478569026617,-20.91478569026617,1.1,10.000000000000213,8.979999999999833,0.11999999999999922,-0.01973137894234107,0.175,2.215515614305171,-21.3372968796194,0.016720970002076122,0.008604619532868585,0.003971806547072034,0.42251118935322013
2026-09-07T08:59:22.858+00:00,1009.1999999999998,9.19999999999983,92,FINAL_POSE_LOCK,,1,-0.009441063475928865,0.17765303632701612,2.2034232581536903,-21.14623417667144,-21.14623417667144,1.1,10.000000000000213,9.079999999999831,0.11999999999999922,-0.01973137894234107,0.175,2.215515614305171,-21.3372968796194,0.010290315466412205,0.0026530363270161456,-0.01209235615148081,0.19106270294795796
2026-09-07T08:59:22.958+00:00,1009.2999999999998,9.299999999999828,93,FINAL_POSE_LOCK,,1,-0.02405590364412566,0.16401452954104215,2.2176871623734384,-20.78864908703929,-20.78864908703929,1.1,10.000000000000213,9.17999999999983,0.11999999999999922,-0.01973137894234107,0.175,2.215515614305171,-21.3372968796194,-0.004324524701784589,-0.01098547045895785,0.0021715480682673984,0.5486477925801113
2026-09-07T08:59:23.058+00:00,1009.3999999999999,9.399999999999826,94,FINAL_POSE_LOCK,,1,-0.01098696052527663,0.17376332676666176,2.220273656269158,-21.103347253706914,-21.103347253706914,1.1,10.000000000000213,9.279999999999827,0.11999999999999922,-0.01973137894234107,0.175,2.215515614305171,-21.3372968796194,0.00874441841706444,-0.0012366732333382341,0.00475804196398691,0.2339496259124808
2026-09-07T08:59:23.158+00:00,1009.4999999999998,9.499999999999824,95,FINAL_POSE_LOCK,,1,-0.028442717619712614,0.17293693588059408,2.2076360152549768,-21.425382826768328,-21.425382826768328,1.1,10.000000000000213,9.379999999999825,0.11999999999999922,-0.01973137894234107,0.175,2.215515614305171,-21.3372968796194,-0.008711338677371543,-0.002063064119405909,-0.007879599050194173,-0.08808594714891194
2026-09-07T08:59:23.258+00:00,1009.5999999999998,9.599999999999822,96,FINAL_POSE_LOCK,,1,-0.019938386968728038,0.17264327797875792,2.243991575593453,-20.224768129504298,-20.224768129504298,1.1,10.000000000000213,9.479999999999823,0.11999999999999922,-0.01973137894234107,0.175,2.215515614305171,-21.3372968796194,-0.00020700802638696863,-0.0023567220212420744,0.028475961288281934,1.1125287501151093
2026-09-07T08:59:23.358+00:00,1009.6999999999998,9.69999999999982,97,FINAL_POSE_LOCK,,1,-0.018528898988338264,0.1897598234024058,2.2063489343193106,-20.451940048260298,-20.451940048260298,1.1,10.000000000000213,9.57999999999982,0.11999999999999922,-0.01973137894234107,0.175,2.215515614305171,-21.3372968796194,0.0012024799540028067,0.01475982340240582,-0.00916667998586048,0.8853568313591077
2026-09-07T08:59:23.458+00:00,1009.7999999999998,9.799999999999818,98,FINAL_POSE_LOCK,,1,-0.02630767732701307,0.17147698585686796,2.1995675025442143,-21.648617786595707,-21.648617786595707,1.1,10.000000000000213,9.679999999999819,0.11999999999999922,-0.01973137894234107,0.175,2.215515614305171,-21.3372968796194,-0.0065762983846719995,-0.0035230141431320167,-0.015948111760956982,-0.31132090697631576
2026-09-07T08:59:23.558+00:00,1009.8999999999999,9.899999999999816,99,FINAL_POSE_LOCK,,1,-0.016454784710645473,0.14679395678091178,2.2127011861264254,-21.7775630625365,-21.7775630625365,1.1,10.000000000000213,9.779999999999816,0.11999999999999922,-0.01973137894234107,0.175,2.215515614305171,-21.3372968796194,0.0032765942316955966,-0.028206043219088216,-0.0028144281787456306,-0.4402661829170882
2026-09-07T08:59:23.658+00:00,1009.9999999999998,9.999999999999813,100,FINAL_POSE_LOCK,,1,-0.027150594842392652,0.1859255226350685,2.2181496955189126,-21.915016285340528,-21.915016285340528,1.1,10.000000000000213,9.879999999999814,0.11999999999999922,-0.01973137894234107,0.175,2.215515614305171,-21.3372968796194,-0.007419215900051583,0.010925522635068532,0.002634081213741698,-0.5777194057211379
2026-09-07T08:59:23.758+00:00,1010.0999999999998,10.099999999999811,101,FINAL_POSE_LOCK,,1,-0.02036646887070907,0.1762595649934777,2.202997493161533,-21.174541357298494,-21.174541357298494,1.1,10.000000000000213,9.979999999999812,0.11999999999999922,-0.01973137894234107,0.175,2.215515614305171,-21.3372968796194,-0.0006350899283679999,0.0012595649934777197,-0.012518121143638204,0.1627555223208983
